PRAGMA foreign_keys=OFF;
BEGIN TRANSACTION;
CREATE TABLE "django_migrations" ("id" integer NOT NULL PRIMARY KEY AUTOINCREMENT, "app" varchar(255) NOT NULL, "name" varchar(255) NOT NULL, "applied" datetime NOT NULL);
INSERT INTO "django_migrations" VALUES(1,'contenttypes','0001_initial','2016-11-23 21:06:58.276663');
INSERT INTO "django_migrations" VALUES(2,'auth','0001_initial','2016-11-23 21:06:58.332511');
INSERT INTO "django_migrations" VALUES(3,'admin','0001_initial','2016-11-23 21:06:58.372903');
INSERT INTO "django_migrations" VALUES(4,'admin','0002_logentry_remove_auto_add','2016-11-23 21:06:58.413295');
INSERT INTO "django_migrations" VALUES(5,'contenttypes','0002_remove_content_type_name','2016-11-23 21:06:58.487007');
INSERT INTO "django_migrations" VALUES(6,'auth','0002_alter_permission_name_max_length','2016-11-23 21:06:58.524718');
INSERT INTO "django_migrations" VALUES(7,'auth','0003_alter_user_email_max_length','2016-11-23 21:06:58.565564');
INSERT INTO "django_migrations" VALUES(8,'auth','0004_alter_user_username_opts','2016-11-23 21:06:58.604498');
INSERT INTO "django_migrations" VALUES(9,'auth','0005_alter_user_last_login_null','2016-11-23 21:06:58.639816');
INSERT INTO "django_migrations" VALUES(10,'auth','0006_require_contenttypes_0002','2016-11-23 21:06:58.646525');
INSERT INTO "django_migrations" VALUES(11,'auth','0007_alter_validators_add_error_messages','2016-11-23 21:06:58.681376');
INSERT INTO "django_migrations" VALUES(12,'sites','0001_initial','2016-11-23 21:06:58.697771');
INSERT INTO "django_migrations" VALUES(13,'cms','0001_initial','2016-11-23 21:06:58.807368');
INSERT INTO "django_migrations" VALUES(14,'cms','0002_auto_20140816_1918','2016-11-23 21:06:59.219242');
INSERT INTO "django_migrations" VALUES(15,'cms','0003_auto_20140926_2347','2016-11-23 21:06:59.281240');
INSERT INTO "django_migrations" VALUES(16,'cms','0004_auto_20140924_1038','2016-11-23 21:06:59.597795');
INSERT INTO "django_migrations" VALUES(17,'cms','0005_auto_20140924_1039','2016-11-23 21:06:59.611509');
INSERT INTO "django_migrations" VALUES(18,'cms','0006_auto_20140924_1110','2016-11-23 21:07:00.105674');
INSERT INTO "django_migrations" VALUES(19,'cms','0007_auto_20141028_1559','2016-11-23 21:07:00.174814');
INSERT INTO "django_migrations" VALUES(20,'cms','0008_auto_20150208_2149','2016-11-23 21:07:00.251972');
INSERT INTO "django_migrations" VALUES(21,'cms','0008_auto_20150121_0059','2016-11-23 21:07:00.323941');
INSERT INTO "django_migrations" VALUES(22,'cms','0009_merge','2016-11-23 21:07:00.334322');
INSERT INTO "django_migrations" VALUES(23,'cms','0010_migrate_use_structure','2016-11-23 21:07:00.406004');
INSERT INTO "django_migrations" VALUES(24,'cms','0011_auto_20150419_1006','2016-11-23 21:07:00.518225');
INSERT INTO "django_migrations" VALUES(25,'cms','0012_auto_20150607_2207','2016-11-23 21:07:00.627249');
INSERT INTO "django_migrations" VALUES(26,'cms','0013_urlconfrevision','2016-11-23 21:07:00.646279');
INSERT INTO "django_migrations" VALUES(27,'cms','0014_auto_20160404_1908','2016-11-23 21:07:00.665246');
INSERT INTO "django_migrations" VALUES(28,'cms','0015_auto_20160421_0000','2016-11-23 21:07:00.736905');
INSERT INTO "django_migrations" VALUES(29,'cms','0016_auto_20160608_1535','2016-11-23 21:07:00.841467');
INSERT INTO "django_migrations" VALUES(30,'filer','0001_initial','2016-11-23 21:07:01.376974');
INSERT INTO "django_migrations" VALUES(31,'cmsplugin_filer_file','0001_initial','2016-11-23 21:07:01.441272');
INSERT INTO "django_migrations" VALUES(32,'cmsplugin_filer_file','0002_auto_20160112_1617','2016-11-23 21:07:01.520672');
INSERT INTO "django_migrations" VALUES(33,'cmsplugin_filer_file','0003_filerfile_link_attributes','2016-11-23 21:07:01.603816');
INSERT INTO "django_migrations" VALUES(34,'cmsplugin_filer_file','0004_auto_20160705_1334','2016-11-23 21:07:01.681078');
INSERT INTO "django_migrations" VALUES(35,'cmsplugin_filer_file','0005_auto_20160713_1853','2016-11-23 21:07:01.752480');
INSERT INTO "django_migrations" VALUES(36,'cmsplugin_filer_folder','0001_initial','2016-11-23 21:07:01.824193');
INSERT INTO "django_migrations" VALUES(37,'cmsplugin_filer_folder','0002_auto_20160113_1318','2016-11-23 21:07:01.899545');
INSERT INTO "django_migrations" VALUES(38,'cmsplugin_filer_folder','0003_auto_20160713_1853','2016-11-23 21:07:01.977936');
INSERT INTO "django_migrations" VALUES(39,'filer','0002_auto_20150606_2003','2016-11-23 21:07:02.055461');
INSERT INTO "django_migrations" VALUES(40,'filer','0003_thumbnailoption','2016-11-23 21:07:02.081069');
INSERT INTO "django_migrations" VALUES(41,'cmsplugin_filer_image','0001_initial','2016-11-23 21:07:02.231030');
INSERT INTO "django_migrations" VALUES(42,'cmsplugin_filer_image','0002_auto_20160108_1708','2016-11-23 21:07:02.459205');
INSERT INTO "django_migrations" VALUES(43,'cmsplugin_filer_image','0003_mv_thumbnail_option_to_filer_20160119_1720','2016-11-23 21:07:02.473952');
INSERT INTO "django_migrations" VALUES(44,'cmsplugin_filer_image','0004_auto_20160120_0950','2016-11-23 21:07:02.575735');
INSERT INTO "django_migrations" VALUES(45,'cmsplugin_filer_image','0005_auto_20160224_1457','2016-11-23 21:07:02.718670');
INSERT INTO "django_migrations" VALUES(46,'cmsplugin_filer_image','0006_auto_20160427_1438','2016-11-23 21:07:02.831211');
INSERT INTO "django_migrations" VALUES(47,'cmsplugin_filer_image','0007_filerimage_link_attributes','2016-11-23 21:07:02.933721');
INSERT INTO "django_migrations" VALUES(48,'cmsplugin_filer_image','0008_auto_20160705_1334','2016-11-23 21:07:03.017030');
INSERT INTO "django_migrations" VALUES(49,'cmsplugin_filer_image','0009_auto_20160713_1853','2016-11-23 21:07:03.095385');
INSERT INTO "django_migrations" VALUES(50,'djangocms_column','0001_initial','2016-11-23 21:07:03.220077');
INSERT INTO "django_migrations" VALUES(51,'djangocms_column','0002_auto_20160915_0818','2016-11-23 21:07:03.355509');
INSERT INTO "django_migrations" VALUES(52,'djangocms_googlemap','0001_initial','2016-11-23 21:07:03.431990');
INSERT INTO "django_migrations" VALUES(53,'djangocms_googlemap','0002_auto_20160622_1031','2016-11-23 21:07:03.730252');
INSERT INTO "django_migrations" VALUES(54,'djangocms_googlemap','0003_auto_20160825_1829','2016-11-23 21:07:03.816495');
INSERT INTO "django_migrations" VALUES(55,'djangocms_googlemap','0004_adapted_fields','2016-11-23 21:07:05.876066');
INSERT INTO "django_migrations" VALUES(56,'djangocms_googlemap','0005_create_nested_plugins','2016-11-23 21:07:05.891653');
INSERT INTO "django_migrations" VALUES(57,'djangocms_googlemap','0006_remove_fields','2016-11-23 21:07:06.496052');
INSERT INTO "django_migrations" VALUES(58,'djangocms_googlemap','0007_reset_null_values','2016-11-23 21:07:06.516546');
INSERT INTO "django_migrations" VALUES(59,'djangocms_googlemap','0008_removed_null_fields','2016-11-23 21:07:06.618328');
INSERT INTO "django_migrations" VALUES(60,'djangocms_link','0001_initial','2016-11-23 21:07:06.717342');
INSERT INTO "django_migrations" VALUES(61,'djangocms_link','0002_auto_20140929_1705','2016-11-23 21:07:06.813037');
INSERT INTO "django_migrations" VALUES(62,'djangocms_link','0003_auto_20150212_1310','2016-11-23 21:07:06.936029');
INSERT INTO "django_migrations" VALUES(63,'djangocms_link','0004_auto_20150708_1133','2016-11-23 21:07:07.091727');
INSERT INTO "django_migrations" VALUES(64,'djangocms_link','0005_auto_20151003_1710','2016-11-23 21:07:07.178134');
INSERT INTO "django_migrations" VALUES(65,'djangocms_link','0006_remove_related_name_for_cmsplugin_ptr','2016-11-23 21:07:07.269159');
INSERT INTO "django_migrations" VALUES(66,'djangocms_link','0007_set_related_name_for_cmsplugin_ptr','2016-11-23 21:07:07.361914');
INSERT INTO "django_migrations" VALUES(67,'djangocms_link','0008_link_attributes','2016-11-23 21:07:07.442220');
INSERT INTO "django_migrations" VALUES(68,'djangocms_link','0009_auto_20160705_1344','2016-11-23 21:07:07.530956');
INSERT INTO "django_migrations" VALUES(69,'djangocms_link','0010_adapted_fields','2016-11-23 21:07:08.127610');
INSERT INTO "django_migrations" VALUES(70,'djangocms_link','0011_fixed_null_values','2016-11-23 21:07:08.143495');
INSERT INTO "django_migrations" VALUES(71,'djangocms_link','0012_removed_null','2016-11-23 21:07:08.378029');
INSERT INTO "django_migrations" VALUES(72,'djangocms_link','0013_fix_hostname','2016-11-23 21:07:08.467398');
INSERT INTO "django_migrations" VALUES(73,'djangocms_snippet','0001_initial','2016-11-23 21:07:08.572728');
INSERT INTO "django_migrations" VALUES(74,'djangocms_snippet','0002_snippet_slug','2016-11-23 21:07:08.664425');
INSERT INTO "django_migrations" VALUES(75,'djangocms_snippet','0003_auto_data_fill_slug','2016-11-23 21:07:08.679437');
INSERT INTO "django_migrations" VALUES(76,'djangocms_snippet','0004_auto_alter_slug_unique','2016-11-23 21:07:08.762544');
INSERT INTO "django_migrations" VALUES(77,'djangocms_snippet','0005_set_related_name_for_cmsplugin_ptr','2016-11-23 21:07:08.851387');
INSERT INTO "django_migrations" VALUES(78,'djangocms_snippet','0006_auto_20160831_0729','2016-11-23 21:07:09.115555');
INSERT INTO "django_migrations" VALUES(79,'djangocms_snippet','0007_auto_alter_template_helptext','2016-11-23 21:07:09.202514');
INSERT INTO "django_migrations" VALUES(80,'djangocms_style','0001_initial','2016-11-23 21:07:09.365867');
INSERT INTO "django_migrations" VALUES(81,'djangocms_style','0002_set_related_name_for_cmsplugin_ptr','2016-11-23 21:07:09.455391');
INSERT INTO "django_migrations" VALUES(82,'djangocms_style','0003_adapted_fields','2016-11-23 21:07:10.368493');
INSERT INTO "django_migrations" VALUES(83,'djangocms_style','0004_use_positive_small_integer_field','2016-11-23 21:07:10.887581');
INSERT INTO "django_migrations" VALUES(84,'djangocms_style','0005_reset_null_values','2016-11-23 21:07:10.903479');
INSERT INTO "django_migrations" VALUES(85,'djangocms_style','0006_removed_null_fields','2016-11-23 21:07:10.984910');
INSERT INTO "django_migrations" VALUES(86,'djangocms_style','0007_style_template','2016-11-23 21:07:11.075157');
INSERT INTO "django_migrations" VALUES(87,'djangocms_text_ckeditor','0001_initial','2016-11-23 21:07:11.168016');
INSERT INTO "django_migrations" VALUES(88,'djangocms_text_ckeditor','0002_remove_related_name_for_cmsplugin_ptr','2016-11-23 21:07:11.257321');
INSERT INTO "django_migrations" VALUES(89,'djangocms_text_ckeditor','0003_set_related_name_for_cmsplugin_ptr','2016-11-23 21:07:11.342726');
INSERT INTO "django_migrations" VALUES(90,'djangocms_text_ckeditor','0004_auto_20160706_1339','2016-11-23 21:07:11.368702');
INSERT INTO "django_migrations" VALUES(91,'filer','0004_auto_20160328_1434','2016-11-23 21:07:11.488095');
INSERT INTO "django_migrations" VALUES(92,'filer','0005_auto_20160623_1425','2016-11-23 21:07:11.826398');
INSERT INTO "django_migrations" VALUES(93,'filer','0006_auto_20160623_1627','2016-11-23 21:07:11.926096');
INSERT INTO "django_migrations" VALUES(94,'djangocms_video','0001_initial','2016-11-23 21:07:12.013969');
INSERT INTO "django_migrations" VALUES(95,'djangocms_video','0002_set_related_name_for_cmsplugin_ptr','2016-11-23 21:07:12.104477');
INSERT INTO "django_migrations" VALUES(96,'djangocms_video','0003_field_adaptions','2016-11-23 21:07:12.479104');
INSERT INTO "django_migrations" VALUES(97,'djangocms_video','0004_move_to_attributes','2016-11-23 21:07:13.532058');
INSERT INTO "django_migrations" VALUES(98,'djangocms_video','0005_migrate_to_filer','2016-11-23 21:07:13.550578');
INSERT INTO "django_migrations" VALUES(99,'djangocms_video','0006_field_adaptions','2016-11-23 21:07:14.023526');
INSERT INTO "django_migrations" VALUES(100,'djangocms_video','0007_create_nested_plugin','2016-11-23 21:07:14.130290');
INSERT INTO "django_migrations" VALUES(101,'djangocms_video','0008_reset_null_values','2016-11-23 21:07:14.147949');
INSERT INTO "django_migrations" VALUES(102,'djangocms_video','0009_removed_null_values','2016-11-23 21:07:14.246220');
INSERT INTO "django_migrations" VALUES(103,'easy_thumbnails','0001_initial','2016-11-23 21:07:14.324711');
INSERT INTO "django_migrations" VALUES(104,'easy_thumbnails','0002_thumbnaildimensions','2016-11-23 21:07:14.354139');
INSERT INTO "django_migrations" VALUES(105,'menus','0001_initial','2016-11-23 21:07:14.379870');
INSERT INTO "django_migrations" VALUES(106,'sessions','0001_initial','2016-11-23 21:07:14.430169');
INSERT INTO "django_migrations" VALUES(107,'sites','0002_alter_domain_unique','2016-11-23 21:07:14.528757');
CREATE TABLE "auth_group" ("id" integer NOT NULL PRIMARY KEY AUTOINCREMENT, "name" varchar(80) NOT NULL UNIQUE);
CREATE TABLE "auth_group_permissions" ("id" integer NOT NULL PRIMARY KEY AUTOINCREMENT, "group_id" integer NOT NULL REFERENCES "auth_group" ("id"), "permission_id" integer NOT NULL REFERENCES "auth_permission" ("id"));
CREATE TABLE "auth_user_groups" ("id" integer NOT NULL PRIMARY KEY AUTOINCREMENT, "user_id" integer NOT NULL REFERENCES "auth_user" ("id"), "group_id" integer NOT NULL REFERENCES "auth_group" ("id"));
CREATE TABLE "auth_user_user_permissions" ("id" integer NOT NULL PRIMARY KEY AUTOINCREMENT, "user_id" integer NOT NULL REFERENCES "auth_user" ("id"), "permission_id" integer NOT NULL REFERENCES "auth_permission" ("id"));
CREATE TABLE "django_admin_log" ("id" integer NOT NULL PRIMARY KEY AUTOINCREMENT, "object_id" text NULL, "object_repr" varchar(200) NOT NULL, "action_flag" smallint unsigned NOT NULL, "change_message" text NOT NULL, "content_type_id" integer NULL REFERENCES "django_content_type" ("id"), "user_id" integer NOT NULL REFERENCES "auth_user" ("id"), "action_time" datetime NOT NULL);
INSERT INTO "django_admin_log" VALUES(1,'1','studiorec.tv',2,'Changed domain and name.',9,1,'2016-11-23 22:58:40.193843');
INSERT INTO "django_admin_log" VALUES(2,'1','Home',1,'Added.',2,1,'2016-11-23 22:59:45.400023');
INSERT INTO "django_admin_log" VALUES(3,'1','Home',2,'Modificado/a title y slug.',2,1,'2016-11-23 23:04:55.613040');
INSERT INTO "django_admin_log" VALUES(4,'1','Home',2,'',2,1,'2016-11-23 23:04:59.443677');
INSERT INTO "django_admin_log" VALUES(5,'3','Foro físico',1,'Añadido.',2,1,'2016-11-23 23:06:04.390239');
INSERT INTO "django_admin_log" VALUES(6,'4','Foro virtual',1,'Añadido.',2,1,'2016-11-23 23:06:21.129582');
INSERT INTO "django_admin_log" VALUES(7,'5','Renta de equipo',1,'Añadido.',2,1,'2016-11-23 23:06:37.230164');
INSERT INTO "django_admin_log" VALUES(8,'6','Cabina de audio',1,'Añadido.',2,1,'2016-11-23 23:06:44.662381');
INSERT INTO "django_admin_log" VALUES(9,'7','Transmisión satelial',1,'Añadido.',2,1,'2016-11-23 23:07:16.034623');
INSERT INTO "django_admin_log" VALUES(10,'3','Foro físico',2,'',2,1,'2016-11-23 23:07:26.046193');
INSERT INTO "django_admin_log" VALUES(11,'4','Foro virtual',2,'',2,1,'2016-11-23 23:07:28.275648');
INSERT INTO "django_admin_log" VALUES(12,'5','Renta de equipo',2,'',2,1,'2016-11-23 23:07:31.080100');
INSERT INTO "django_admin_log" VALUES(13,'6','Cabina de audio',2,'',2,1,'2016-11-23 23:07:34.526135');
INSERT INTO "django_admin_log" VALUES(14,'7','Transmisión satelial',2,'',2,1,'2016-11-23 23:07:36.898348');
INSERT INTO "django_admin_log" VALUES(15,'13','',1,'Added.',2,1,'2016-11-23 23:10:41.273174');
INSERT INTO "django_admin_log" VALUES(16,'3','Foro físico',2,'',2,1,'2016-11-24 18:32:50.245012');
INSERT INTO "django_admin_log" VALUES(17,'1','admin',2,'Changed language.',10,1,'2016-11-24 18:56:04.162311');
INSERT INTO "django_admin_log" VALUES(18,'1','admin',2,'No ha cambiado ningún campo.',10,1,'2016-11-24 19:01:58.367348');
INSERT INTO "django_admin_log" VALUES(19,'1','admin',2,'No ha cambiado ningún campo.',10,1,'2016-11-24 19:02:13.448617');
INSERT INTO "django_admin_log" VALUES(20,'1','admin',2,'No ha cambiado ningún campo.',10,1,'2016-11-24 19:02:17.508415');
INSERT INTO "django_admin_log" VALUES(21,'1','Home',2,'',2,1,'2016-11-24 19:06:21.174458');
INSERT INTO "django_admin_log" VALUES(22,'3','Foro físico',2,'',2,1,'2016-11-24 20:29:42.062556');
INSERT INTO "django_admin_log" VALUES(23,'1','Home',2,'Las  páginas "Home" con los lenguajes es fue correctamente despublicada',2,1,'2016-11-24 21:20:40.001769');
INSERT INTO "django_admin_log" VALUES(24,'1','Home',2,'',2,1,'2016-11-24 21:34:10.437406');
INSERT INTO "django_admin_log" VALUES(25,'1','Home',2,'',2,1,'2016-11-24 21:38:05.444717');
CREATE TABLE "django_content_type" ("id" integer NOT NULL PRIMARY KEY AUTOINCREMENT, "app_label" varchar(100) NOT NULL, "model" varchar(100) NOT NULL);
INSERT INTO "django_content_type" VALUES(1,'cms','placeholder');
INSERT INTO "django_content_type" VALUES(2,'cms','page');
INSERT INTO "django_content_type" VALUES(3,'auth','permission');
INSERT INTO "django_content_type" VALUES(4,'auth','group');
INSERT INTO "django_content_type" VALUES(5,'auth','user');
INSERT INTO "django_content_type" VALUES(6,'contenttypes','contenttype');
INSERT INTO "django_content_type" VALUES(7,'sessions','session');
INSERT INTO "django_content_type" VALUES(8,'admin','logentry');
INSERT INTO "django_content_type" VALUES(9,'sites','site');
INSERT INTO "django_content_type" VALUES(10,'cms','usersettings');
INSERT INTO "django_content_type" VALUES(11,'cms','globalpagepermission');
INSERT INTO "django_content_type" VALUES(12,'cms','pagepermission');
INSERT INTO "django_content_type" VALUES(13,'cms','pageuser');
INSERT INTO "django_content_type" VALUES(14,'cms','pageusergroup');
INSERT INTO "django_content_type" VALUES(15,'cms','cmsplugin');
INSERT INTO "django_content_type" VALUES(16,'cms','title');
INSERT INTO "django_content_type" VALUES(17,'cms','placeholderreference');
INSERT INTO "django_content_type" VALUES(18,'cms','staticplaceholder');
INSERT INTO "django_content_type" VALUES(19,'cms','aliaspluginmodel');
INSERT INTO "django_content_type" VALUES(20,'cms','urlconfrevision');
INSERT INTO "django_content_type" VALUES(21,'menus','cachekey');
INSERT INTO "django_content_type" VALUES(22,'djangocms_text_ckeditor','text');
INSERT INTO "django_content_type" VALUES(23,'filer','folder');
INSERT INTO "django_content_type" VALUES(24,'filer','folderpermission');
INSERT INTO "django_content_type" VALUES(25,'filer','file');
INSERT INTO "django_content_type" VALUES(26,'filer','clipboard');
INSERT INTO "django_content_type" VALUES(27,'filer','clipboarditem');
INSERT INTO "django_content_type" VALUES(28,'filer','image');
INSERT INTO "django_content_type" VALUES(29,'filer','thumbnailoption');
INSERT INTO "django_content_type" VALUES(30,'easy_thumbnails','source');
INSERT INTO "django_content_type" VALUES(31,'easy_thumbnails','thumbnail');
INSERT INTO "django_content_type" VALUES(32,'easy_thumbnails','thumbnaildimensions');
INSERT INTO "django_content_type" VALUES(33,'djangocms_column','multicolumns');
INSERT INTO "django_content_type" VALUES(34,'djangocms_column','column');
INSERT INTO "django_content_type" VALUES(35,'djangocms_link','link');
INSERT INTO "django_content_type" VALUES(36,'cmsplugin_filer_file','filerfile');
INSERT INTO "django_content_type" VALUES(37,'cmsplugin_filer_folder','filerfolder');
INSERT INTO "django_content_type" VALUES(38,'cmsplugin_filer_image','filerimage');
INSERT INTO "django_content_type" VALUES(39,'djangocms_style','style');
INSERT INTO "django_content_type" VALUES(40,'djangocms_snippet','snippet');
INSERT INTO "django_content_type" VALUES(41,'djangocms_snippet','snippetptr');
INSERT INTO "django_content_type" VALUES(42,'djangocms_googlemap','googlemap');
INSERT INTO "django_content_type" VALUES(43,'djangocms_googlemap','googlemapmarker');
INSERT INTO "django_content_type" VALUES(44,'djangocms_googlemap','googlemaproute');
INSERT INTO "django_content_type" VALUES(45,'djangocms_video','videoplayer');
INSERT INTO "django_content_type" VALUES(46,'djangocms_video','videosource');
INSERT INTO "django_content_type" VALUES(47,'djangocms_video','videotrack');
CREATE TABLE "auth_permission" ("id" integer NOT NULL PRIMARY KEY AUTOINCREMENT, "content_type_id" integer NOT NULL REFERENCES "django_content_type" ("id"), "codename" varchar(100) NOT NULL, "name" varchar(255) NOT NULL);
INSERT INTO "auth_permission" VALUES(1,1,'use_structure','Can use Structure mode');
INSERT INTO "auth_permission" VALUES(2,2,'change_page','Can change page');
INSERT INTO "auth_permission" VALUES(3,3,'add_permission','Can add permission');
INSERT INTO "auth_permission" VALUES(4,3,'change_permission','Can change permission');
INSERT INTO "auth_permission" VALUES(5,3,'delete_permission','Can delete permission');
INSERT INTO "auth_permission" VALUES(6,4,'add_group','Can add group');
INSERT INTO "auth_permission" VALUES(7,4,'change_group','Can change group');
INSERT INTO "auth_permission" VALUES(8,4,'delete_group','Can delete group');
INSERT INTO "auth_permission" VALUES(9,5,'add_user','Can add user');
INSERT INTO "auth_permission" VALUES(10,5,'change_user','Can change user');
INSERT INTO "auth_permission" VALUES(11,5,'delete_user','Can delete user');
INSERT INTO "auth_permission" VALUES(12,6,'add_contenttype','Can add content type');
INSERT INTO "auth_permission" VALUES(13,6,'change_contenttype','Can change content type');
INSERT INTO "auth_permission" VALUES(14,6,'delete_contenttype','Can delete content type');
INSERT INTO "auth_permission" VALUES(15,7,'add_session','Can add session');
INSERT INTO "auth_permission" VALUES(16,7,'change_session','Can change session');
INSERT INTO "auth_permission" VALUES(17,7,'delete_session','Can delete session');
INSERT INTO "auth_permission" VALUES(18,8,'add_logentry','Can add log entry');
INSERT INTO "auth_permission" VALUES(19,8,'change_logentry','Can change log entry');
INSERT INTO "auth_permission" VALUES(20,8,'delete_logentry','Can delete log entry');
INSERT INTO "auth_permission" VALUES(21,9,'add_site','Can add site');
INSERT INTO "auth_permission" VALUES(22,9,'change_site','Can change site');
INSERT INTO "auth_permission" VALUES(23,9,'delete_site','Can delete site');
INSERT INTO "auth_permission" VALUES(24,10,'add_usersettings','Can add user setting');
INSERT INTO "auth_permission" VALUES(25,10,'change_usersettings','Can change user setting');
INSERT INTO "auth_permission" VALUES(26,10,'delete_usersettings','Can delete user setting');
INSERT INTO "auth_permission" VALUES(27,2,'add_page','Can add page');
INSERT INTO "auth_permission" VALUES(28,2,'delete_page','Can delete page');
INSERT INTO "auth_permission" VALUES(29,2,'view_page','Can view page');
INSERT INTO "auth_permission" VALUES(30,2,'publish_page','Can publish page');
INSERT INTO "auth_permission" VALUES(31,2,'edit_static_placeholder','Can edit static placeholders');
INSERT INTO "auth_permission" VALUES(32,11,'add_globalpagepermission','Can add Page global permission');
INSERT INTO "auth_permission" VALUES(33,11,'change_globalpagepermission','Can change Page global permission');
INSERT INTO "auth_permission" VALUES(34,11,'delete_globalpagepermission','Can delete Page global permission');
INSERT INTO "auth_permission" VALUES(35,12,'add_pagepermission','Can add Page permission');
INSERT INTO "auth_permission" VALUES(36,12,'change_pagepermission','Can change Page permission');
INSERT INTO "auth_permission" VALUES(37,12,'delete_pagepermission','Can delete Page permission');
INSERT INTO "auth_permission" VALUES(38,13,'add_pageuser','Can add User (page)');
INSERT INTO "auth_permission" VALUES(39,13,'change_pageuser','Can change User (page)');
INSERT INTO "auth_permission" VALUES(40,13,'delete_pageuser','Can delete User (page)');
INSERT INTO "auth_permission" VALUES(41,14,'add_pageusergroup','Can add User group (page)');
INSERT INTO "auth_permission" VALUES(42,14,'change_pageusergroup','Can change User group (page)');
INSERT INTO "auth_permission" VALUES(43,14,'delete_pageusergroup','Can delete User group (page)');
INSERT INTO "auth_permission" VALUES(44,1,'add_placeholder','Can add placeholder');
INSERT INTO "auth_permission" VALUES(45,1,'change_placeholder','Can change placeholder');
INSERT INTO "auth_permission" VALUES(46,1,'delete_placeholder','Can delete placeholder');
INSERT INTO "auth_permission" VALUES(47,15,'add_cmsplugin','Can add cms plugin');
INSERT INTO "auth_permission" VALUES(48,15,'change_cmsplugin','Can change cms plugin');
INSERT INTO "auth_permission" VALUES(49,15,'delete_cmsplugin','Can delete cms plugin');
INSERT INTO "auth_permission" VALUES(50,16,'add_title','Can add title');
INSERT INTO "auth_permission" VALUES(51,16,'change_title','Can change title');
INSERT INTO "auth_permission" VALUES(52,16,'delete_title','Can delete title');
INSERT INTO "auth_permission" VALUES(53,17,'add_placeholderreference','Can add placeholder reference');
INSERT INTO "auth_permission" VALUES(54,17,'change_placeholderreference','Can change placeholder reference');
INSERT INTO "auth_permission" VALUES(55,17,'delete_placeholderreference','Can delete placeholder reference');
INSERT INTO "auth_permission" VALUES(56,18,'add_staticplaceholder','Can add static placeholder');
INSERT INTO "auth_permission" VALUES(57,18,'change_staticplaceholder','Can change static placeholder');
INSERT INTO "auth_permission" VALUES(58,18,'delete_staticplaceholder','Can delete static placeholder');
INSERT INTO "auth_permission" VALUES(59,19,'add_aliaspluginmodel','Can add alias plugin model');
INSERT INTO "auth_permission" VALUES(60,19,'change_aliaspluginmodel','Can change alias plugin model');
INSERT INTO "auth_permission" VALUES(61,19,'delete_aliaspluginmodel','Can delete alias plugin model');
INSERT INTO "auth_permission" VALUES(62,20,'add_urlconfrevision','Can add urlconf revision');
INSERT INTO "auth_permission" VALUES(63,20,'change_urlconfrevision','Can change urlconf revision');
INSERT INTO "auth_permission" VALUES(64,20,'delete_urlconfrevision','Can delete urlconf revision');
INSERT INTO "auth_permission" VALUES(65,21,'add_cachekey','Can add cache key');
INSERT INTO "auth_permission" VALUES(66,21,'change_cachekey','Can change cache key');
INSERT INTO "auth_permission" VALUES(67,21,'delete_cachekey','Can delete cache key');
INSERT INTO "auth_permission" VALUES(68,22,'add_text','Can add text');
INSERT INTO "auth_permission" VALUES(69,22,'change_text','Can change text');
INSERT INTO "auth_permission" VALUES(70,22,'delete_text','Can delete text');
INSERT INTO "auth_permission" VALUES(71,23,'add_folder','Can add Folder');
INSERT INTO "auth_permission" VALUES(72,23,'change_folder','Can change Folder');
INSERT INTO "auth_permission" VALUES(73,23,'delete_folder','Can delete Folder');
INSERT INTO "auth_permission" VALUES(74,23,'can_use_directory_listing','Can use directory listing');
INSERT INTO "auth_permission" VALUES(75,24,'add_folderpermission','Can add folder permission');
INSERT INTO "auth_permission" VALUES(76,24,'change_folderpermission','Can change folder permission');
INSERT INTO "auth_permission" VALUES(77,24,'delete_folderpermission','Can delete folder permission');
INSERT INTO "auth_permission" VALUES(78,25,'add_file','Can add file');
INSERT INTO "auth_permission" VALUES(79,25,'change_file','Can change file');
INSERT INTO "auth_permission" VALUES(80,25,'delete_file','Can delete file');
INSERT INTO "auth_permission" VALUES(81,26,'add_clipboard','Can add clipboard');
INSERT INTO "auth_permission" VALUES(82,26,'change_clipboard','Can change clipboard');
INSERT INTO "auth_permission" VALUES(83,26,'delete_clipboard','Can delete clipboard');
INSERT INTO "auth_permission" VALUES(84,27,'add_clipboarditem','Can add clipboard item');
INSERT INTO "auth_permission" VALUES(85,27,'change_clipboarditem','Can change clipboard item');
INSERT INTO "auth_permission" VALUES(86,27,'delete_clipboarditem','Can delete clipboard item');
INSERT INTO "auth_permission" VALUES(87,28,'add_image','Can add image');
INSERT INTO "auth_permission" VALUES(88,28,'change_image','Can change image');
INSERT INTO "auth_permission" VALUES(89,28,'delete_image','Can delete image');
INSERT INTO "auth_permission" VALUES(90,29,'add_thumbnailoption','Can add thumbnail option');
INSERT INTO "auth_permission" VALUES(91,29,'change_thumbnailoption','Can change thumbnail option');
INSERT INTO "auth_permission" VALUES(92,29,'delete_thumbnailoption','Can delete thumbnail option');
INSERT INTO "auth_permission" VALUES(93,30,'add_source','Can add source');
INSERT INTO "auth_permission" VALUES(94,30,'change_source','Can change source');
INSERT INTO "auth_permission" VALUES(95,30,'delete_source','Can delete source');
INSERT INTO "auth_permission" VALUES(96,31,'add_thumbnail','Can add thumbnail');
INSERT INTO "auth_permission" VALUES(97,31,'change_thumbnail','Can change thumbnail');
INSERT INTO "auth_permission" VALUES(98,31,'delete_thumbnail','Can delete thumbnail');
INSERT INTO "auth_permission" VALUES(99,32,'add_thumbnaildimensions','Can add thumbnail dimensions');
INSERT INTO "auth_permission" VALUES(100,32,'change_thumbnaildimensions','Can change thumbnail dimensions');
INSERT INTO "auth_permission" VALUES(101,32,'delete_thumbnaildimensions','Can delete thumbnail dimensions');
INSERT INTO "auth_permission" VALUES(102,33,'add_multicolumns','Can add multi columns');
INSERT INTO "auth_permission" VALUES(103,33,'change_multicolumns','Can change multi columns');
INSERT INTO "auth_permission" VALUES(104,33,'delete_multicolumns','Can delete multi columns');
INSERT INTO "auth_permission" VALUES(105,34,'add_column','Can add column');
INSERT INTO "auth_permission" VALUES(106,34,'change_column','Can change column');
INSERT INTO "auth_permission" VALUES(107,34,'delete_column','Can delete column');
INSERT INTO "auth_permission" VALUES(108,35,'add_link','Can add link');
INSERT INTO "auth_permission" VALUES(109,35,'change_link','Can change link');
INSERT INTO "auth_permission" VALUES(110,35,'delete_link','Can delete link');
INSERT INTO "auth_permission" VALUES(111,36,'add_filerfile','Can add filer file');
INSERT INTO "auth_permission" VALUES(112,36,'change_filerfile','Can change filer file');
INSERT INTO "auth_permission" VALUES(113,36,'delete_filerfile','Can delete filer file');
INSERT INTO "auth_permission" VALUES(114,37,'add_filerfolder','Can add filer folder');
INSERT INTO "auth_permission" VALUES(115,37,'change_filerfolder','Can change filer folder');
INSERT INTO "auth_permission" VALUES(116,37,'delete_filerfolder','Can delete filer folder');
INSERT INTO "auth_permission" VALUES(117,38,'add_filerimage','Can add filer image');
INSERT INTO "auth_permission" VALUES(118,38,'change_filerimage','Can change filer image');
INSERT INTO "auth_permission" VALUES(119,38,'delete_filerimage','Can delete filer image');
INSERT INTO "auth_permission" VALUES(120,39,'add_style','Can add style');
INSERT INTO "auth_permission" VALUES(121,39,'change_style','Can change style');
INSERT INTO "auth_permission" VALUES(122,39,'delete_style','Can delete style');
INSERT INTO "auth_permission" VALUES(123,40,'add_snippet','Can add Snippet');
INSERT INTO "auth_permission" VALUES(124,40,'change_snippet','Can change Snippet');
INSERT INTO "auth_permission" VALUES(125,40,'delete_snippet','Can delete Snippet');
INSERT INTO "auth_permission" VALUES(126,41,'add_snippetptr','Can add Snippet');
INSERT INTO "auth_permission" VALUES(127,41,'change_snippetptr','Can change Snippet');
INSERT INTO "auth_permission" VALUES(128,41,'delete_snippetptr','Can delete Snippet');
INSERT INTO "auth_permission" VALUES(129,42,'add_googlemap','Can add google map');
INSERT INTO "auth_permission" VALUES(130,42,'change_googlemap','Can change google map');
INSERT INTO "auth_permission" VALUES(131,42,'delete_googlemap','Can delete google map');
INSERT INTO "auth_permission" VALUES(132,43,'add_googlemapmarker','Can add google map marker');
INSERT INTO "auth_permission" VALUES(133,43,'change_googlemapmarker','Can change google map marker');
INSERT INTO "auth_permission" VALUES(134,43,'delete_googlemapmarker','Can delete google map marker');
INSERT INTO "auth_permission" VALUES(135,44,'add_googlemaproute','Can add google map route');
INSERT INTO "auth_permission" VALUES(136,44,'change_googlemaproute','Can change google map route');
INSERT INTO "auth_permission" VALUES(137,44,'delete_googlemaproute','Can delete google map route');
INSERT INTO "auth_permission" VALUES(138,45,'add_videoplayer','Can add video player');
INSERT INTO "auth_permission" VALUES(139,45,'change_videoplayer','Can change video player');
INSERT INTO "auth_permission" VALUES(140,45,'delete_videoplayer','Can delete video player');
INSERT INTO "auth_permission" VALUES(141,46,'add_videosource','Can add video source');
INSERT INTO "auth_permission" VALUES(142,46,'change_videosource','Can change video source');
INSERT INTO "auth_permission" VALUES(143,46,'delete_videosource','Can delete video source');
INSERT INTO "auth_permission" VALUES(144,47,'add_videotrack','Can add video track');
INSERT INTO "auth_permission" VALUES(145,47,'change_videotrack','Can change video track');
INSERT INTO "auth_permission" VALUES(146,47,'delete_videotrack','Can delete video track');
CREATE TABLE "auth_user" ("id" integer NOT NULL PRIMARY KEY AUTOINCREMENT, "password" varchar(128) NOT NULL, "last_login" datetime NULL, "is_superuser" bool NOT NULL, "first_name" varchar(30) NOT NULL, "last_name" varchar(30) NOT NULL, "email" varchar(254) NOT NULL, "is_staff" bool NOT NULL, "is_active" bool NOT NULL, "date_joined" datetime NOT NULL, "username" varchar(30) NOT NULL UNIQUE);
INSERT INTO "auth_user" VALUES(1,'pbkdf2_sha256$24000$d7qatfOlMUgO$Y6mCzQYX1j+L6tmwFN0D1OlWInbehHmXxb8yo0raXhw=','2016-11-25 02:04:46.772395',1,'','','admin@studiorec.tv',1,1,'2016-11-23 21:09:42.251314','admin');
CREATE TABLE "cms_globalpagepermission" ("id" integer NOT NULL PRIMARY KEY AUTOINCREMENT, "can_change" bool NOT NULL, "can_add" bool NOT NULL, "can_delete" bool NOT NULL, "can_change_advanced_settings" bool NOT NULL, "can_publish" bool NOT NULL, "can_change_permissions" bool NOT NULL, "can_move_page" bool NOT NULL, "can_view" bool NOT NULL, "can_recover_page" bool NOT NULL, "group_id" integer NULL REFERENCES "auth_group" ("id"), "user_id" integer NULL REFERENCES "auth_user" ("id"));
CREATE TABLE "cms_pagepermission" ("id" integer NOT NULL PRIMARY KEY AUTOINCREMENT, "can_change" bool NOT NULL, "can_add" bool NOT NULL, "can_delete" bool NOT NULL, "can_change_advanced_settings" bool NOT NULL, "can_publish" bool NOT NULL, "can_change_permissions" bool NOT NULL, "can_move_page" bool NOT NULL, "can_view" bool NOT NULL, "grant_on" integer NOT NULL, "group_id" integer NULL REFERENCES "auth_group" ("id"), "page_id" integer NULL REFERENCES "cms_page" ("id"), "user_id" integer NULL REFERENCES "auth_user" ("id"));
CREATE TABLE "cms_pageuser" ("user_ptr_id" integer NOT NULL PRIMARY KEY REFERENCES "auth_user" ("id"), "created_by_id" integer NOT NULL REFERENCES "auth_user" ("id"));
CREATE TABLE "cms_pageusergroup" ("group_ptr_id" integer NOT NULL PRIMARY KEY REFERENCES "auth_group" ("id"), "created_by_id" integer NOT NULL REFERENCES "auth_user" ("id"));
CREATE TABLE "cms_page_placeholders" ("id" integer NOT NULL PRIMARY KEY AUTOINCREMENT, "page_id" integer NOT NULL REFERENCES "cms_page" ("id"), "placeholder_id" integer NOT NULL REFERENCES "cms_placeholder" ("id"));
INSERT INTO "cms_page_placeholders" VALUES(1,1,2);
INSERT INTO "cms_page_placeholders" VALUES(2,2,3);
INSERT INTO "cms_page_placeholders" VALUES(3,3,4);
INSERT INTO "cms_page_placeholders" VALUES(4,4,5);
INSERT INTO "cms_page_placeholders" VALUES(5,5,6);
INSERT INTO "cms_page_placeholders" VALUES(6,6,7);
INSERT INTO "cms_page_placeholders" VALUES(7,7,8);
INSERT INTO "cms_page_placeholders" VALUES(8,8,9);
INSERT INTO "cms_page_placeholders" VALUES(9,9,10);
INSERT INTO "cms_page_placeholders" VALUES(10,10,11);
INSERT INTO "cms_page_placeholders" VALUES(11,11,12);
INSERT INTO "cms_page_placeholders" VALUES(12,12,13);
INSERT INTO "cms_page_placeholders" VALUES(13,13,14);
INSERT INTO "cms_page_placeholders" VALUES(14,3,15);
INSERT INTO "cms_page_placeholders" VALUES(15,3,16);
INSERT INTO "cms_page_placeholders" VALUES(16,3,17);
INSERT INTO "cms_page_placeholders" VALUES(17,1,18);
INSERT INTO "cms_page_placeholders" VALUES(18,8,19);
INSERT INTO "cms_page_placeholders" VALUES(19,2,20);
INSERT INTO "cms_page_placeholders" VALUES(20,8,21);
INSERT INTO "cms_page_placeholders" VALUES(21,8,22);
INSERT INTO "cms_page_placeholders" VALUES(22,1,23);
INSERT INTO "cms_page_placeholders" VALUES(23,1,24);
INSERT INTO "cms_page_placeholders" VALUES(24,1,25);
INSERT INTO "cms_page_placeholders" VALUES(25,1,26);
INSERT INTO "cms_page_placeholders" VALUES(26,1,27);
INSERT INTO "cms_page_placeholders" VALUES(27,3,28);
INSERT INTO "cms_page_placeholders" VALUES(28,8,43);
INSERT INTO "cms_page_placeholders" VALUES(29,2,44);
INSERT INTO "cms_page_placeholders" VALUES(30,2,45);
INSERT INTO "cms_page_placeholders" VALUES(31,2,46);
INSERT INTO "cms_page_placeholders" VALUES(32,2,47);
INSERT INTO "cms_page_placeholders" VALUES(33,2,48);
INSERT INTO "cms_page_placeholders" VALUES(34,4,49);
INSERT INTO "cms_page_placeholders" VALUES(35,14,50);
INSERT INTO "cms_page_placeholders" VALUES(36,14,51);
INSERT INTO "cms_page_placeholders" VALUES(37,14,52);
INSERT INTO "cms_page_placeholders" VALUES(38,14,53);
INSERT INTO "cms_page_placeholders" VALUES(39,14,54);
INSERT INTO "cms_page_placeholders" VALUES(40,14,55);
CREATE TABLE "cms_staticplaceholder" ("id" integer NOT NULL PRIMARY KEY AUTOINCREMENT, "name" varchar(255) NOT NULL, "code" varchar(255) NOT NULL, "dirty" bool NOT NULL, "creation_method" varchar(20) NOT NULL, "draft_id" integer NULL REFERENCES "cms_placeholder" ("id"), "public_id" integer NULL REFERENCES "cms_placeholder" ("id"), "site_id" integer NULL REFERENCES "django_site" ("id"));
INSERT INTO "cms_staticplaceholder" VALUES(1,'','footer columna 1 titulo',0,'template',29,30,NULL);
INSERT INTO "cms_staticplaceholder" VALUES(2,'','footer columna 1 texto',0,'template',31,32,NULL);
INSERT INTO "cms_staticplaceholder" VALUES(3,'','footer columna 2 titulo',0,'template',33,34,NULL);
INSERT INTO "cms_staticplaceholder" VALUES(4,'','footer columna 2 texto',0,'template',35,36,NULL);
INSERT INTO "cms_staticplaceholder" VALUES(5,'','link twitter',0,'template',37,38,NULL);
INSERT INTO "cms_staticplaceholder" VALUES(6,'','link facebook',0,'template',39,40,NULL);
INSERT INTO "cms_staticplaceholder" VALUES(7,'','link google +',0,'template',41,42,NULL);
INSERT INTO "cms_staticplaceholder" VALUES(8,'','logo',0,'template',56,57,NULL);
CREATE TABLE "cms_placeholder" ("id" integer NOT NULL PRIMARY KEY AUTOINCREMENT, "default_width" smallint unsigned NULL, "slot" varchar(255) NOT NULL);
INSERT INTO "cms_placeholder" VALUES(1,NULL,'clipboard');
INSERT INTO "cms_placeholder" VALUES(2,NULL,'content');
INSERT INTO "cms_placeholder" VALUES(3,NULL,'content');
INSERT INTO "cms_placeholder" VALUES(4,NULL,'content');
INSERT INTO "cms_placeholder" VALUES(5,NULL,'content');
INSERT INTO "cms_placeholder" VALUES(6,NULL,'content');
INSERT INTO "cms_placeholder" VALUES(7,NULL,'content');
INSERT INTO "cms_placeholder" VALUES(8,NULL,'content');
INSERT INTO "cms_placeholder" VALUES(9,NULL,'content');
INSERT INTO "cms_placeholder" VALUES(10,NULL,'content');
INSERT INTO "cms_placeholder" VALUES(11,NULL,'content');
INSERT INTO "cms_placeholder" VALUES(12,NULL,'content');
INSERT INTO "cms_placeholder" VALUES(13,NULL,'content');
INSERT INTO "cms_placeholder" VALUES(14,NULL,'content');
INSERT INTO "cms_placeholder" VALUES(15,NULL,'feature');
INSERT INTO "cms_placeholder" VALUES(16,NULL,'header intro');
INSERT INTO "cms_placeholder" VALUES(17,NULL,'Intro de header');
INSERT INTO "cms_placeholder" VALUES(18,NULL,'Intro de header');
INSERT INTO "cms_placeholder" VALUES(19,NULL,'Intro de header');
INSERT INTO "cms_placeholder" VALUES(20,NULL,'Intro de header');
INSERT INTO "cms_placeholder" VALUES(21,NULL,'feature');
INSERT INTO "cms_placeholder" VALUES(22,NULL,'header intro');
INSERT INTO "cms_placeholder" VALUES(23,NULL,'Titulo de features');
INSERT INTO "cms_placeholder" VALUES(24,NULL,'Panel icono 1');
INSERT INTO "cms_placeholder" VALUES(25,NULL,'Panel icono 2');
INSERT INTO "cms_placeholder" VALUES(26,NULL,'Panel icono 3');
INSERT INTO "cms_placeholder" VALUES(27,NULL,'Panel icono 4');
INSERT INTO "cms_placeholder" VALUES(28,NULL,'contenido');
INSERT INTO "cms_placeholder" VALUES(29,NULL,'footer columna 1 titulo');
INSERT INTO "cms_placeholder" VALUES(30,NULL,'footer columna 1 titulo');
INSERT INTO "cms_placeholder" VALUES(31,NULL,'footer columna 1 texto');
INSERT INTO "cms_placeholder" VALUES(32,NULL,'footer columna 1 texto');
INSERT INTO "cms_placeholder" VALUES(33,NULL,'footer columna 2 titulo');
INSERT INTO "cms_placeholder" VALUES(34,NULL,'footer columna 2 titulo');
INSERT INTO "cms_placeholder" VALUES(35,NULL,'footer columna 2 texto');
INSERT INTO "cms_placeholder" VALUES(36,NULL,'footer columna 2 texto');
INSERT INTO "cms_placeholder" VALUES(37,NULL,'link twitter');
INSERT INTO "cms_placeholder" VALUES(38,NULL,'link twitter');
INSERT INTO "cms_placeholder" VALUES(39,NULL,'link facebook');
INSERT INTO "cms_placeholder" VALUES(40,NULL,'link facebook');
INSERT INTO "cms_placeholder" VALUES(41,NULL,'link google +');
INSERT INTO "cms_placeholder" VALUES(42,NULL,'link google +');
INSERT INTO "cms_placeholder" VALUES(43,NULL,'contenido');
INSERT INTO "cms_placeholder" VALUES(44,NULL,'Panel icono 1');
INSERT INTO "cms_placeholder" VALUES(45,NULL,'Panel icono 2');
INSERT INTO "cms_placeholder" VALUES(46,NULL,'Panel icono 3');
INSERT INTO "cms_placeholder" VALUES(47,NULL,'Panel icono 4');
INSERT INTO "cms_placeholder" VALUES(48,NULL,'Titulo de features');
INSERT INTO "cms_placeholder" VALUES(49,NULL,'contenido');
INSERT INTO "cms_placeholder" VALUES(50,NULL,'Panel icono 1');
INSERT INTO "cms_placeholder" VALUES(51,NULL,'Panel icono 2');
INSERT INTO "cms_placeholder" VALUES(52,NULL,'Panel icono 3');
INSERT INTO "cms_placeholder" VALUES(53,NULL,'Panel icono 4');
INSERT INTO "cms_placeholder" VALUES(54,NULL,'Titulo de features');
INSERT INTO "cms_placeholder" VALUES(55,NULL,'Intro de header');
INSERT INTO "cms_placeholder" VALUES(56,NULL,'logo');
INSERT INTO "cms_placeholder" VALUES(57,NULL,'logo');
CREATE TABLE "cms_title" ("id" integer NOT NULL PRIMARY KEY AUTOINCREMENT, "language" varchar(15) NOT NULL, "title" varchar(255) NOT NULL, "page_title" varchar(255) NULL, "menu_title" varchar(255) NULL, "meta_description" text NULL, "slug" varchar(255) NOT NULL, "path" varchar(255) NOT NULL, "has_url_overwrite" bool NOT NULL, "creation_date" datetime NOT NULL, "published" bool NOT NULL, "publisher_is_draft" bool NOT NULL, "publisher_state" smallint NOT NULL, "page_id" integer NOT NULL REFERENCES "cms_page" ("id"), "redirect" varchar(2048) NULL, "publisher_public_id" integer NULL UNIQUE REFERENCES "cms_title" ("id"));
INSERT INTO "cms_title" VALUES(1,'en','Home','','','','home','',0,'2016-11-23 22:59:45.184117',1,1,0,1,NULL,2);
INSERT INTO "cms_title" VALUES(2,'en','Home','','','','home','',0,'2016-11-23 22:59:45.184117',1,0,0,2,NULL,1);
INSERT INTO "cms_title" VALUES(3,'es','Home','','','','home','',0,'2016-11-23 23:04:55.601938',1,1,0,1,NULL,4);
INSERT INTO "cms_title" VALUES(4,'es','Home','','','','home','',0,'2016-11-23 23:04:55.601938',1,0,1,2,NULL,3);
INSERT INTO "cms_title" VALUES(5,'es','Foro físico','','','','foro-fisico','foro-fisico',0,'2016-11-23 23:06:04.380951',1,1,0,3,NULL,10);
INSERT INTO "cms_title" VALUES(6,'es','Foro virtual','','','','foro-virtual','foro-virtual',0,'2016-11-23 23:06:21.114760',1,1,1,4,NULL,11);
INSERT INTO "cms_title" VALUES(7,'es','Renta de equipo','','','','renta-de-equipo','renta-de-equipo',0,'2016-11-23 23:06:37.221656',1,1,0,5,NULL,12);
INSERT INTO "cms_title" VALUES(8,'es','Cabina de audio','','','','cabina-de-audio','cabina-de-audio',0,'2016-11-23 23:06:44.654277',1,1,0,6,NULL,13);
INSERT INTO "cms_title" VALUES(9,'es','Transmisión satelial','','','','transmision-satelial','transmision-satelial',0,'2016-11-23 23:07:16.025348',1,1,0,7,NULL,14);
INSERT INTO "cms_title" VALUES(10,'es','Foro físico','','','','foro-fisico','foro-fisico',0,'2016-11-23 23:06:04.380951',1,0,1,8,NULL,5);
INSERT INTO "cms_title" VALUES(11,'es','Foro virtual','','','','foro-virtual','foro-virtual',0,'2016-11-23 23:06:21.114760',1,0,0,9,NULL,6);
INSERT INTO "cms_title" VALUES(12,'es','Renta de equipo','','','','renta-de-equipo','renta-de-equipo',0,'2016-11-23 23:06:37.221656',1,0,0,10,NULL,7);
INSERT INTO "cms_title" VALUES(13,'es','Cabina de audio','','','','cabina-de-audio','cabina-de-audio',0,'2016-11-23 23:06:44.654277',1,0,0,11,NULL,8);
INSERT INTO "cms_title" VALUES(14,'es','Transmisión satelial','','','','transmision-satelial','transmision-satelial',0,'2016-11-23 23:07:16.025348',1,0,0,12,NULL,9);
INSERT INTO "cms_title" VALUES(15,'es','Live Streaming','','','Streaming en vivo redundante 24/7/365 permanente o por evento','live-streaming','foro-virtual/live-streaming',0,'2016-11-23 23:10:41.262091',0,1,1,13,NULL,NULL);
INSERT INTO "cms_title" VALUES(16,'es','Tipos de Página',NULL,NULL,NULL,'page_types','page_types',0,'2016-11-24 21:20:11.785588',0,1,1,14,NULL,NULL);
CREATE TABLE "cms_page" ("id" integer NOT NULL PRIMARY KEY AUTOINCREMENT, "changed_by" varchar(255) NOT NULL, "creation_date" datetime NOT NULL, "changed_date" datetime NOT NULL, "publication_date" datetime NULL, "publication_end_date" datetime NULL, "in_navigation" bool NOT NULL, "soft_root" bool NOT NULL, "reverse_id" varchar(40) NULL, "navigation_extenders" varchar(80) NULL, "template" varchar(100) NOT NULL, "login_required" bool NOT NULL, "limit_visibility_in_menu" smallint NULL, "is_home" bool NOT NULL, "application_urls" varchar(200) NULL, "application_namespace" varchar(200) NULL, "publisher_is_draft" bool NOT NULL, "languages" varchar(255) NULL, "revision_id" integer unsigned NOT NULL, "xframe_options" integer NOT NULL, "site_id" integer NOT NULL REFERENCES "django_site" ("id"), "depth" integer unsigned NOT NULL, "numchild" integer unsigned NOT NULL, "path" varchar(255) NOT NULL UNIQUE, "created_by" varchar(255) NOT NULL, "parent_id" integer NULL REFERENCES "cms_page" ("id"), "publisher_public_id" integer NULL UNIQUE REFERENCES "cms_page" ("id"));
INSERT INTO "cms_page" VALUES(1,'admin','2016-11-23 22:59:45.093664','2016-11-24 21:38:05.309843','2016-11-23 22:59:45.193324',NULL,1,0,NULL,NULL,'INHERIT',0,NULL,1,NULL,NULL,1,'en,es',0,0,1,1,0,'0001','admin',NULL,2);
INSERT INTO "cms_page" VALUES(2,'admin','2016-11-23 22:59:45.195895','2016-11-24 21:38:05.100255','2016-11-23 22:59:45.193324',NULL,1,0,NULL,NULL,'INHERIT',0,NULL,1,NULL,NULL,0,'en,es',0,0,1,1,0,'0002','admin',NULL,1);
INSERT INTO "cms_page" VALUES(3,'admin','2016-11-23 23:06:04.292292','2016-11-24 20:29:41.829059','2016-11-23 23:07:25.851647',NULL,1,0,NULL,NULL,'simple.html',0,NULL,0,NULL,NULL,1,'es',0,0,1,1,0,'0005','admin',NULL,8);
INSERT INTO "cms_page" VALUES(4,'admin','2016-11-23 23:06:21.045134','2016-11-24 20:31:20.482714','2016-11-23 23:07:28.135090',NULL,1,0,NULL,NULL,'simple.html',0,NULL,0,NULL,NULL,1,'es',0,0,1,1,1,'0008','admin',NULL,9);
INSERT INTO "cms_page" VALUES(5,'admin','2016-11-23 23:06:37.152168','2016-11-23 23:08:39.688320','2016-11-23 23:07:30.881335',NULL,1,0,NULL,NULL,'fullwidth.html',0,NULL,0,NULL,NULL,1,'es',0,0,1,1,0,'000A','admin',NULL,10);
INSERT INTO "cms_page" VALUES(6,'admin','2016-11-23 23:06:44.585739','2016-11-23 23:08:20.354900','2016-11-23 23:07:34.341448',NULL,1,0,NULL,NULL,'fullwidth.html',0,NULL,0,NULL,NULL,1,'es',0,0,1,1,0,'000C','admin',NULL,11);
INSERT INTO "cms_page" VALUES(7,'admin','2016-11-23 23:07:15.934938','2016-11-23 23:08:36.601425','2016-11-23 23:07:36.774234',NULL,1,0,NULL,NULL,'fullwidth.html',0,NULL,0,NULL,NULL,1,'es',0,0,1,1,0,'000E','admin',NULL,12);
INSERT INTO "cms_page" VALUES(8,'admin','2016-11-23 23:07:25.855179','2016-11-24 20:29:41.691051','2016-11-23 23:07:25.851647',NULL,1,0,NULL,NULL,'simple.html',0,NULL,0,NULL,NULL,0,'es',0,0,1,1,0,'0006','admin',NULL,3);
INSERT INTO "cms_page" VALUES(9,'admin','2016-11-23 23:07:28.139456','2016-11-23 23:08:28.318863','2016-11-23 23:07:28.135090',NULL,1,0,NULL,NULL,'INHERIT',0,NULL,0,NULL,NULL,0,'es',0,0,1,1,0,'0009','admin',NULL,4);
INSERT INTO "cms_page" VALUES(10,'admin','2016-11-23 23:07:30.886418','2016-11-23 23:08:39.806952','2016-11-23 23:07:30.881335',NULL,1,0,NULL,NULL,'INHERIT',0,NULL,0,NULL,NULL,0,'es',0,0,1,1,0,'000B','admin',NULL,5);
INSERT INTO "cms_page" VALUES(11,'admin','2016-11-23 23:07:34.349176','2016-11-23 23:08:20.480409','2016-11-23 23:07:34.341448',NULL,1,0,NULL,NULL,'INHERIT',0,NULL,0,NULL,NULL,0,'es',0,0,1,1,0,'000D','admin',NULL,6);
INSERT INTO "cms_page" VALUES(12,'admin','2016-11-23 23:07:36.780318','2016-11-23 23:08:36.737113','2016-11-23 23:07:36.774234',NULL,1,0,NULL,NULL,'INHERIT',0,NULL,0,NULL,NULL,0,'es',0,0,1,1,0,'000F','admin',NULL,7);
INSERT INTO "cms_page" VALUES(13,'admin','2016-11-23 23:10:41.188603','2016-11-23 23:10:41.237268',NULL,NULL,1,0,NULL,NULL,'INHERIT',0,NULL,0,NULL,NULL,1,'es',0,0,1,2,0,'00080001','admin',4,NULL);
INSERT INTO "cms_page" VALUES(14,'admin','2016-11-24 21:20:11.319352','2016-11-24 21:20:11.319399',NULL,NULL,0,0,'page_types',NULL,'INHERIT',0,NULL,0,NULL,NULL,1,'es',0,0,1,1,0,'000G','admin',NULL,NULL);
CREATE TABLE "cms_globalpagepermission_sites" ("id" integer NOT NULL PRIMARY KEY AUTOINCREMENT, "globalpagepermission_id" integer NOT NULL REFERENCES "cms_globalpagepermission" ("id"), "site_id" integer NOT NULL REFERENCES "django_site" ("id"));
CREATE TABLE "cms_usersettings" ("id" integer NOT NULL PRIMARY KEY AUTOINCREMENT, "language" varchar(10) NOT NULL, "clipboard_id" integer NULL REFERENCES "cms_placeholder" ("id"), "user_id" integer NOT NULL UNIQUE REFERENCES "auth_user" ("id"));
INSERT INTO "cms_usersettings" VALUES(1,'es',1,1);
CREATE TABLE "cms_urlconfrevision" ("id" integer NOT NULL PRIMARY KEY AUTOINCREMENT, "revision" varchar(255) NOT NULL);
INSERT INTO "cms_urlconfrevision" VALUES(1,'7cef6d6b-2658-4a68-abdc-8d02a13c2778');
CREATE TABLE "cms_placeholderreference" ("name" varchar(255) NOT NULL, "placeholder_ref_id" integer NULL REFERENCES "cms_placeholder" ("id"), "cmsplugin_ptr_id" integer NOT NULL PRIMARY KEY REFERENCES "cms_cmsplugin" ("id"));
CREATE TABLE "filer_clipboarditem" ("id" integer NOT NULL PRIMARY KEY AUTOINCREMENT, "clipboard_id" integer NOT NULL REFERENCES "filer_clipboard" ("id"), "file_id" integer NOT NULL REFERENCES "filer_file" ("id"));
CREATE TABLE "filer_clipboard" ("id" integer NOT NULL PRIMARY KEY AUTOINCREMENT, "user_id" integer NOT NULL REFERENCES "auth_user" ("id"));
INSERT INTO "filer_clipboard" VALUES(1,1);
CREATE TABLE "cmsplugin_filer_file_filerfile" ("title" varchar(255) NULL, "target_blank" bool NOT NULL, "style" varchar(255) NOT NULL, "file_id" integer NULL REFERENCES "filer_file" ("id"), "link_attributes" text NOT NULL, "cmsplugin_ptr_id" integer NOT NULL PRIMARY KEY REFERENCES "cms_cmsplugin" ("id"));
CREATE TABLE "cmsplugin_filer_folder_filerfolder" ("title" varchar(255) NULL, "style" varchar(50) NOT NULL, "folder_id" integer NULL REFERENCES "filer_folder" ("id"), "cmsplugin_ptr_id" integer NOT NULL PRIMARY KEY REFERENCES "cms_cmsplugin" ("id"));
CREATE TABLE "filer_thumbnailoption" ("id" integer NOT NULL PRIMARY KEY AUTOINCREMENT, "name" varchar(100) NOT NULL, "width" integer NOT NULL, "height" integer NOT NULL, "crop" bool NOT NULL, "upscale" bool NOT NULL);
CREATE TABLE "cmsplugin_filer_image_filerimage" ("style" varchar(50) NOT NULL, "caption_text" varchar(255) NULL, "image_url" varchar(200) NULL, "alt_text" varchar(255) NULL, "use_original_image" bool NOT NULL, "use_autoscale" bool NOT NULL, "width" integer unsigned NULL, "height" integer unsigned NULL, "crop" bool NOT NULL, "upscale" bool NOT NULL, "alignment" varchar(10) NULL, "free_link" varchar(2000) NULL, "original_link" bool NOT NULL, "description" text NULL, "target_blank" bool NOT NULL, "file_link_id" integer NULL REFERENCES "filer_file" ("id"), "image_id" integer NULL REFERENCES "filer_image" ("file_ptr_id"), "page_link_id" integer NULL REFERENCES "cms_page" ("id"), "thumbnail_option_id" integer NULL REFERENCES "filer_thumbnailoption" ("id"), "link_attributes" text NOT NULL, "cmsplugin_ptr_id" integer NOT NULL PRIMARY KEY REFERENCES "cms_cmsplugin" ("id"));
INSERT INTO "cmsplugin_filer_image_filerimage" VALUES('','','','Studio REC',1,0,NULL,NULL,0,0,NULL,'',0,'',0,NULL,1,1,NULL,'{}',21);
INSERT INTO "cmsplugin_filer_image_filerimage" VALUES('','','','Studio REC',1,0,NULL,NULL,0,0,NULL,'',0,'',0,NULL,1,1,NULL,'{}',35);
CREATE TABLE "djangocms_column_column" ("width" varchar(50) NOT NULL, "cmsplugin_ptr_id" integer NOT NULL PRIMARY KEY REFERENCES "cms_cmsplugin" ("id"));
CREATE TABLE "djangocms_column_multicolumns" ("cmsplugin_ptr_id" integer NOT NULL PRIMARY KEY REFERENCES "cms_cmsplugin" ("id"));
CREATE TABLE "djangocms_googlemap_googlemapmarker" ("cmsplugin_ptr_id" integer NOT NULL PRIMARY KEY REFERENCES "cms_cmsplugin" ("id"), "title" varchar(255) NOT NULL, "address" varchar(255) NOT NULL, "lat" decimal NULL, "lng" decimal NULL, "show_content" bool NOT NULL, "info_content" text NOT NULL);
CREATE TABLE "djangocms_googlemap_googlemaproute" ("cmsplugin_ptr_id" integer NOT NULL PRIMARY KEY REFERENCES "cms_cmsplugin" ("id"), "title" varchar(255) NOT NULL, "origin" varchar(255) NOT NULL, "destination" varchar(255) NOT NULL, "travel_mode" varchar(255) NOT NULL);
CREATE TABLE "djangocms_googlemap_googlemap" ("cmsplugin_ptr_id" integer NOT NULL PRIMARY KEY REFERENCES "cms_cmsplugin" ("id"), "zoom" smallint unsigned NOT NULL, "lat" real NULL, "lng" real NULL, "width" varchar(6) NOT NULL, "height" varchar(6) NOT NULL, "scrollwheel" bool NOT NULL, "double_click_zoom" bool NOT NULL, "draggable" bool NOT NULL, "keyboard_shortcuts" bool NOT NULL, "pan_control" bool NOT NULL, "zoom_control" bool NOT NULL, "street_view_control" bool NOT NULL, "style" text NOT NULL, "fullscreen_control" bool NOT NULL, "map_type_control" varchar(255) NOT NULL, "rotate_control" bool NOT NULL, "scale_control" bool NOT NULL, "template" varchar(255) NOT NULL, "title" varchar(255) NOT NULL);
CREATE TABLE "djangocms_link_link" ("cmsplugin_ptr_id" integer NOT NULL PRIMARY KEY REFERENCES "cms_cmsplugin" ("id"), "name" varchar(255) NOT NULL, "anchor" varchar(255) NOT NULL, "mailto" varchar(255) NOT NULL, "phone" varchar(255) NOT NULL, "target" varchar(255) NOT NULL, "internal_link_id" integer NULL REFERENCES "cms_page" ("id"), "attributes" text NOT NULL, "template" varchar(255) NOT NULL, "external_link" varchar(2040) NOT NULL);
CREATE TABLE "djangocms_snippet_snippetptr" ("snippet_id" integer NOT NULL REFERENCES "djangocms_snippet_snippet" ("id"), "cmsplugin_ptr_id" integer NOT NULL PRIMARY KEY REFERENCES "cms_cmsplugin" ("id"));
CREATE TABLE "djangocms_snippet_snippet" ("id" integer NOT NULL PRIMARY KEY AUTOINCREMENT, "name" varchar(255) NOT NULL UNIQUE, "html" text NOT NULL, "slug" varchar(255) NOT NULL UNIQUE, "template" varchar(255) NOT NULL);
CREATE TABLE "djangocms_style_style" ("cmsplugin_ptr_id" integer NOT NULL PRIMARY KEY REFERENCES "cms_cmsplugin" ("id"), "class_name" varchar(255) NOT NULL, "tag_type" varchar(255) NOT NULL, "padding_left" smallint unsigned NULL, "padding_right" smallint unsigned NULL, "padding_top" smallint unsigned NULL, "padding_bottom" smallint unsigned NULL, "margin_left" smallint unsigned NULL, "margin_right" smallint unsigned NULL, "margin_top" smallint unsigned NULL, "margin_bottom" smallint unsigned NULL, "additional_classes" varchar(255) NOT NULL, "attributes" text NOT NULL, "id_name" varchar(255) NOT NULL, "label" varchar(255) NOT NULL, "template" varchar(255) NOT NULL);
CREATE TABLE "djangocms_text_ckeditor_text" ("body" text NOT NULL, "cmsplugin_ptr_id" integer NOT NULL PRIMARY KEY REFERENCES "cms_cmsplugin" ("id"));
INSERT INTO "djangocms_text_ckeditor_text" VALUES('<h1>La <span class="text-red">solución completa</span> para producción audiovisual</h1>

<h2>Renta de foro para grabación de programas de televisión. Renta de equipo de producción audiovisual. Green Screen. Cabina de Audio. Foro al aire libre. Tricaster. Transmisión taletial. Transmisión IPTV</h2>',1);
INSERT INTO "djangocms_text_ckeditor_text" VALUES('<h1>La <span class="text-red">solución completa</span> para producción audiovisual</h1>

<h2>Renta de foro para grabación de programas de televisión. Renta de equipo de producción audiovisual. Green Screen. Cabina de Audio. Foro al aire libre. Tricaster. Transmisión taletial. Transmisión IPTV</h2>',3);
INSERT INTO "djangocms_text_ckeditor_text" VALUES('<span class="text-red">Desde foro virtual y al aire libre</span> hasta cabina de grabación de audio',5);
INSERT INTO "djangocms_text_ckeditor_text" VALUES('<i class="ti-panel"></i>',6);
INSERT INTO "djangocms_text_ckeditor_text" VALUES('<i class="ti-camera"></i>',7);
INSERT INTO "djangocms_text_ckeditor_text" VALUES('<i class="ti-desktop"></i>',8);
INSERT INTO "djangocms_text_ckeditor_text" VALUES('<i class="ti-sharethis"></i>',9);
INSERT INTO "djangocms_text_ckeditor_text" VALUES('Nosotros',10);
INSERT INTO "djangocms_text_ckeditor_text" VALUES('Studio REC es una empresa que ofrece servicios de renta de equipo para producción audiovisual profesional',11);
INSERT INTO "djangocms_text_ckeditor_text" VALUES('<address>Dirección: Apple store (Education institutions)</address>
<div>Teléfono: 55349820852</div>
<address>Dirección: Apple store (Education institutions)</address>
<div>Teléfono: 55349820852</div>',12);
INSERT INTO "djangocms_text_ckeditor_text" VALUES('Contacto',13);
INSERT INTO "djangocms_text_ckeditor_text" VALUES('http://twitter.com/',14);
INSERT INTO "djangocms_text_ckeditor_text" VALUES('<h1>La <span class="text-red">solución completa</span> para producción audiovisual</h1>

<h2>Renta de foro para grabación de programas de televisión. Renta de equipo de producción audiovisual. Green Screen. Cabina de Audio. Foro al aire libre. Tricaster. Transmisión taletial. Transmisión IPTV</h2>',15);
INSERT INTO "djangocms_text_ckeditor_text" VALUES('Nosotros',16);
INSERT INTO "djangocms_text_ckeditor_text" VALUES('Studio REC es una empresa que ofrece servicios de renta de equipo para producción audiovisual profesional',17);
INSERT INTO "djangocms_text_ckeditor_text" VALUES('Contacto',18);
INSERT INTO "djangocms_text_ckeditor_text" VALUES('<address>Dirección: Apple store (Education institutions)</address>
<div>Teléfono: 55349820852</div>
<address>Dirección: Apple store (Education institutions)</address>
<div>Teléfono: 55349820852</div>',19);
INSERT INTO "djangocms_text_ckeditor_text" VALUES('http://twitter.com/',20);
INSERT INTO "djangocms_text_ckeditor_text" VALUES('<h1>La <span class="text-red">solución completa</span> para producción audiovisual</h1>

<h2>Renta de foro para grabación de programas de televisión. Renta de equipo de producción audiovisual. Green Screen. Cabina de Audio. Foro al aire libre. Tricaster. Transmisión taletial. Transmisión IPTV</h2>',29);
INSERT INTO "djangocms_text_ckeditor_text" VALUES('<span class="text-red">Desde foro virtual y al aire libre</span> hasta cabina de grabación de audio',30);
INSERT INTO "djangocms_text_ckeditor_text" VALUES('<i class="ti-panel"></i>',31);
INSERT INTO "djangocms_text_ckeditor_text" VALUES('<i class="ti-camera"></i>',32);
INSERT INTO "djangocms_text_ckeditor_text" VALUES('<i class="ti-desktop"></i>',33);
INSERT INTO "djangocms_text_ckeditor_text" VALUES('<i class="ti-sharethis"></i>',34);
CREATE TABLE "filer_file" ("id" integer NOT NULL PRIMARY KEY AUTOINCREMENT, "file" varchar(255) NULL, "_file_size" integer NULL, "sha1" varchar(40) NOT NULL, "has_all_mandatory_data" bool NOT NULL, "original_filename" varchar(255) NULL, "name" varchar(255) NOT NULL, "description" text NULL, "uploaded_at" datetime NOT NULL, "modified_at" datetime NOT NULL, "is_public" bool NOT NULL, "folder_id" integer NULL REFERENCES "filer_folder" ("id"), "polymorphic_ctype_id" integer NULL REFERENCES "django_content_type" ("id"), "owner_id" integer NULL REFERENCES "auth_user" ("id"));
INSERT INTO "filer_file" VALUES(1,'filer_public/dc/54/dc54ec53-2a65-46ed-91e4-116d833ad4c2/logo.png',5027,'10c0123319bb5452dc50af6bfd7ef8a056bdb874',0,'logo.png','',NULL,'2016-11-24 21:30:06.325703','2016-11-24 21:30:06.325748',1,NULL,28,1);
CREATE TABLE "filer_folder" ("id" integer NOT NULL PRIMARY KEY AUTOINCREMENT, "name" varchar(255) NOT NULL, "uploaded_at" datetime NOT NULL, "created_at" datetime NOT NULL, "modified_at" datetime NOT NULL, "lft" integer unsigned NOT NULL, "rght" integer unsigned NOT NULL, "tree_id" integer unsigned NOT NULL, "level" integer unsigned NOT NULL, "owner_id" integer NULL REFERENCES "auth_user" ("id"), "parent_id" integer NULL REFERENCES "filer_folder" ("id"));
CREATE TABLE "filer_folderpermission" ("id" integer NOT NULL PRIMARY KEY AUTOINCREMENT, "type" smallint NOT NULL, "everybody" bool NOT NULL, "can_edit" smallint NULL, "can_read" smallint NULL, "can_add_children" smallint NULL, "folder_id" integer NULL REFERENCES "filer_folder" ("id"), "group_id" integer NULL REFERENCES "auth_group" ("id"), "user_id" integer NULL REFERENCES "auth_user" ("id"));
CREATE TABLE "filer_image" ("_height" integer NULL, "_width" integer NULL, "date_taken" datetime NULL, "default_alt_text" varchar(255) NULL, "default_caption" varchar(255) NULL, "author" varchar(255) NULL, "must_always_publish_author_credit" bool NOT NULL, "must_always_publish_copyright" bool NOT NULL, "subject_location" varchar(64) NOT NULL, "file_ptr_id" integer NOT NULL PRIMARY KEY REFERENCES "filer_file" ("id"));
INSERT INTO "filer_image" VALUES(147,469,'2016-11-24 21:30:06.175958',NULL,NULL,NULL,0,0,'',1);
CREATE TABLE "cms_cmsplugin" ("id" integer NOT NULL PRIMARY KEY AUTOINCREMENT, "position" smallint unsigned NOT NULL, "language" varchar(15) NOT NULL, "plugin_type" varchar(50) NOT NULL, "creation_date" datetime NOT NULL, "changed_date" datetime NOT NULL, "placeholder_id" integer NULL REFERENCES "cms_placeholder" ("id"), "depth" integer unsigned NOT NULL, "numchild" integer unsigned NOT NULL, "path" varchar(255) NOT NULL UNIQUE, "parent_id" integer NULL REFERENCES "cms_cmsplugin" ("id"));
INSERT INTO "cms_cmsplugin" VALUES(1,0,'es','TextPlugin','2016-11-24 18:31:53.626138','2016-11-24 18:52:30.063291',17,1,0,'0001',NULL);
INSERT INTO "cms_cmsplugin" VALUES(3,0,'es','TextPlugin','2016-11-24 19:06:05.051163','2016-11-24 21:01:14.378525',18,1,0,'0003',NULL);
INSERT INTO "cms_cmsplugin" VALUES(5,0,'es','TextPlugin','2016-11-24 20:05:27.924823','2016-11-24 20:06:15.666525',23,1,0,'0005',NULL);
INSERT INTO "cms_cmsplugin" VALUES(6,0,'es','TextPlugin','2016-11-24 20:07:18.986324','2016-11-24 20:07:26.090831',24,1,0,'0006',NULL);
INSERT INTO "cms_cmsplugin" VALUES(7,0,'es','TextPlugin','2016-11-24 20:08:26.496983','2016-11-24 20:08:32.462347',25,1,0,'0007',NULL);
INSERT INTO "cms_cmsplugin" VALUES(8,0,'es','TextPlugin','2016-11-24 20:09:19.825454','2016-11-24 20:09:29.968884',26,1,0,'0008',NULL);
INSERT INTO "cms_cmsplugin" VALUES(9,0,'es','TextPlugin','2016-11-24 20:09:40.467746','2016-11-24 20:09:45.539375',27,1,0,'0009',NULL);
INSERT INTO "cms_cmsplugin" VALUES(10,0,'es','TextPlugin','2016-11-24 20:21:23.120332','2016-11-24 20:21:35.795115',29,1,0,'000A',NULL);
INSERT INTO "cms_cmsplugin" VALUES(11,0,'es','TextPlugin','2016-11-24 20:21:42.625200','2016-11-24 20:22:16.586781',31,1,0,'000B',NULL);
INSERT INTO "cms_cmsplugin" VALUES(12,0,'es','TextPlugin','2016-11-24 20:23:34.681722','2016-11-24 20:23:51.678624',35,1,0,'000C',NULL);
INSERT INTO "cms_cmsplugin" VALUES(13,0,'es','TextPlugin','2016-11-24 20:24:07.919120','2016-11-24 20:24:14.260164',33,1,0,'000D',NULL);
INSERT INTO "cms_cmsplugin" VALUES(14,0,'es','TextPlugin','2016-11-24 20:29:24.229446','2016-11-24 20:29:35.907297',41,1,0,'000E',NULL);
INSERT INTO "cms_cmsplugin" VALUES(15,0,'es','TextPlugin','2016-11-24 18:31:53.626138','2016-11-24 20:29:41.683323',19,1,0,'000F',NULL);
INSERT INTO "cms_cmsplugin" VALUES(16,0,'es','TextPlugin','2016-11-24 20:21:23.120332','2016-11-24 20:29:41.985690',30,1,0,'000G',NULL);
INSERT INTO "cms_cmsplugin" VALUES(17,0,'es','TextPlugin','2016-11-24 20:21:42.625200','2016-11-24 20:29:42.005775',32,1,0,'000H',NULL);
INSERT INTO "cms_cmsplugin" VALUES(18,0,'es','TextPlugin','2016-11-24 20:24:07.919120','2016-11-24 20:29:42.022380',34,1,0,'000I',NULL);
INSERT INTO "cms_cmsplugin" VALUES(19,0,'es','TextPlugin','2016-11-24 20:23:34.681722','2016-11-24 20:29:42.039508',36,1,0,'000J',NULL);
INSERT INTO "cms_cmsplugin" VALUES(20,0,'es','TextPlugin','2016-11-24 20:29:24.229446','2016-11-24 20:29:42.057978',42,1,0,'000K',NULL);
INSERT INTO "cms_cmsplugin" VALUES(21,0,'es','FilerImagePlugin','2016-11-24 21:30:26.854507','2016-11-24 21:35:29.802912',56,1,0,'000L',NULL);
INSERT INTO "cms_cmsplugin" VALUES(29,0,'es','TextPlugin','2016-11-24 19:06:05.051163','2016-11-24 21:38:04.922837',20,1,0,'000T',NULL);
INSERT INTO "cms_cmsplugin" VALUES(30,0,'es','TextPlugin','2016-11-24 20:05:27.924823','2016-11-24 21:38:04.939859',48,1,0,'000U',NULL);
INSERT INTO "cms_cmsplugin" VALUES(31,0,'es','TextPlugin','2016-11-24 20:07:18.986324','2016-11-24 21:38:04.955473',44,1,0,'000V',NULL);
INSERT INTO "cms_cmsplugin" VALUES(32,0,'es','TextPlugin','2016-11-24 20:08:26.496983','2016-11-24 21:38:04.971052',45,1,0,'000W',NULL);
INSERT INTO "cms_cmsplugin" VALUES(33,0,'es','TextPlugin','2016-11-24 20:09:19.825454','2016-11-24 21:38:04.986392',46,1,0,'000X',NULL);
INSERT INTO "cms_cmsplugin" VALUES(34,0,'es','TextPlugin','2016-11-24 20:09:40.467746','2016-11-24 21:38:05.001663',47,1,0,'000Y',NULL);
INSERT INTO "cms_cmsplugin" VALUES(35,0,'es','FilerImagePlugin','2016-11-24 21:30:26.854507','2016-11-24 21:38:05.421945',57,1,0,'000Z',NULL);
CREATE TABLE "cms_aliaspluginmodel" ("cmsplugin_ptr_id" integer NOT NULL PRIMARY KEY REFERENCES "cms_cmsplugin" ("id"), "alias_placeholder_id" integer NULL REFERENCES "cms_placeholder" ("id"), "plugin_id" integer NULL REFERENCES "cms_cmsplugin" ("id"));
CREATE TABLE "djangocms_video_videosource" ("cmsplugin_ptr_id" integer NOT NULL PRIMARY KEY REFERENCES "cms_cmsplugin" ("id"), "text_title" varchar(255) NOT NULL, "text_description" text NOT NULL, "attributes" text NOT NULL, "source_file_id" integer NULL REFERENCES "filer_file" ("id"));
CREATE TABLE "djangocms_video_videotrack" ("cmsplugin_ptr_id" integer NOT NULL PRIMARY KEY REFERENCES "cms_cmsplugin" ("id"), "kind" varchar(255) NOT NULL, "srclang" varchar(255) NOT NULL, "label" varchar(255) NOT NULL, "attributes" text NOT NULL, "src_id" integer NULL REFERENCES "filer_file" ("id"));
CREATE TABLE "djangocms_video_videoplayer" ("cmsplugin_ptr_id" integer NOT NULL PRIMARY KEY REFERENCES "cms_cmsplugin" ("id"), "poster_id" integer NULL REFERENCES "filer_image" ("file_ptr_id"), "attributes" text NOT NULL, "label" varchar(255) NOT NULL, "template" varchar(255) NOT NULL, "embed_link" varchar(255) NOT NULL);
CREATE TABLE "easy_thumbnails_thumbnail" ("id" integer NOT NULL PRIMARY KEY AUTOINCREMENT, "storage_hash" varchar(40) NOT NULL, "name" varchar(255) NOT NULL, "modified" datetime NOT NULL, "source_id" integer NOT NULL REFERENCES "easy_thumbnails_source" ("id"));
INSERT INTO "easy_thumbnails_thumbnail" VALUES(1,'f9bde26a1556cd667f742bd34ec7c55e','filer_public_thumbnails/filer_public/dc/54/dc54ec53-2a65-46ed-91e4-116d833ad4c2/logo.png__32x32_q85_crop_subsampling-2_upscale.png','2016-11-24 21:30:06.626444',1);
INSERT INTO "easy_thumbnails_thumbnail" VALUES(2,'f9bde26a1556cd667f742bd34ec7c55e','filer_public_thumbnails/filer_public/dc/54/dc54ec53-2a65-46ed-91e4-116d833ad4c2/logo.png__64x64_q85_crop_subsampling-2_upscale.png','2016-11-24 21:30:06.652213',1);
INSERT INTO "easy_thumbnails_thumbnail" VALUES(3,'f9bde26a1556cd667f742bd34ec7c55e','filer_public_thumbnails/filer_public/dc/54/dc54ec53-2a65-46ed-91e4-116d833ad4c2/logo.png__48x48_q85_crop_subsampling-2_upscale.png','2016-11-24 21:30:06.672693',1);
INSERT INTO "easy_thumbnails_thumbnail" VALUES(4,'f9bde26a1556cd667f742bd34ec7c55e','filer_public_thumbnails/filer_public/dc/54/dc54ec53-2a65-46ed-91e4-116d833ad4c2/logo.png__16x16_q85_crop_subsampling-2_upscale.png','2016-11-24 21:30:06.697738',1);
INSERT INTO "easy_thumbnails_thumbnail" VALUES(5,'f9bde26a1556cd667f742bd34ec7c55e','filer_public_thumbnails/filer_public/dc/54/dc54ec53-2a65-46ed-91e4-116d833ad4c2/logo.png__180x180_q85_crop_subsampling-2_upscale.png','2016-11-24 21:30:06.739390',1);
INSERT INTO "easy_thumbnails_thumbnail" VALUES(6,'f9bde26a1556cd667f742bd34ec7c55e','filer_public_thumbnails/filer_public/dc/54/dc54ec53-2a65-46ed-91e4-116d833ad4c2/logo.png__469x147_q85_crop_subsampling-2_upscale.png','2016-11-24 21:30:26.912031',1);
INSERT INTO "easy_thumbnails_thumbnail" VALUES(7,'f9bde26a1556cd667f742bd34ec7c55e','filer_public_thumbnails/filer_public/dc/54/dc54ec53-2a65-46ed-91e4-116d833ad4c2/logo.png__469x147_q85_subsampling-2.png','2016-11-24 21:33:34.933841',1);
CREATE TABLE "easy_thumbnails_source" ("id" integer NOT NULL PRIMARY KEY AUTOINCREMENT, "storage_hash" varchar(40) NOT NULL, "name" varchar(255) NOT NULL, "modified" datetime NOT NULL);
INSERT INTO "easy_thumbnails_source" VALUES(1,'f9bde26a1556cd667f742bd34ec7c55e','filer_public/dc/54/dc54ec53-2a65-46ed-91e4-116d833ad4c2/logo.png','2016-11-24 21:33:34.931790');
CREATE TABLE "easy_thumbnails_thumbnaildimensions" ("id" integer NOT NULL PRIMARY KEY AUTOINCREMENT, "thumbnail_id" integer NOT NULL UNIQUE REFERENCES "easy_thumbnails_thumbnail" ("id"), "width" integer unsigned NULL, "height" integer unsigned NULL);
CREATE TABLE "menus_cachekey" ("id" integer NOT NULL PRIMARY KEY AUTOINCREMENT, "language" varchar(255) NOT NULL, "site" integer unsigned NOT NULL, "key" varchar(255) NOT NULL);
INSERT INTO "menus_cachekey" VALUES(26,'es',1,'menu_cache_menu_nodes_es_1_1_user');
INSERT INTO "menus_cachekey" VALUES(27,'es',1,'menu_cache_menu_nodes_es_1');
CREATE TABLE "django_session" ("session_key" varchar(40) NOT NULL PRIMARY KEY, "session_data" text NOT NULL, "expire_date" datetime NOT NULL);
INSERT INTO "django_session" VALUES('4duxz5hl42pbo5yop6o9cp9mh4zu5mx6','NzNiYTdkMjZlZWExNTJlYmRkMzk2MTYyZTQ4ZGZjMzcyNGVmZTY3Njp7ImNtc19hZG1pbl9zaXRlIjoxLCJfYXV0aF91c2VyX2lkIjoiMSIsImNtc190b29sYmFyX2Rpc2FibGVkIjpmYWxzZSwiZmlsZXJfbGFzdF9mb2xkZXJfaWQiOm51bGwsIndpemFyZF93aXphcmRfY3JlYXRlX3ZpZXciOnsic3RlcF9maWxlcyI6e30sInN0ZXAiOiIwIiwiZXh0cmFfZGF0YSI6e30sInN0ZXBfZGF0YSI6e319LCJfYXV0aF91c2VyX2JhY2tlbmQiOiJkamFuZ28uY29udHJpYi5hdXRoLmJhY2tlbmRzLk1vZGVsQmFja2VuZCIsImNtc19lZGl0Ijp0cnVlLCJfYXV0aF91c2VyX2hhc2giOiI0YmUzNThmN2YwYzA3ODBkMTJhNjU0Mzc0OWY2MjcyNTM2MmFmNjQ5In0=','2016-12-08 22:06:10.191121');
CREATE TABLE "django_site" ("id" integer NOT NULL PRIMARY KEY AUTOINCREMENT, "name" varchar(50) NOT NULL, "domain" varchar(100) NOT NULL UNIQUE);
INSERT INTO "django_site" VALUES(1,'Studio REC','studiorec.tv');
DELETE FROM sqlite_sequence;
INSERT INTO "sqlite_sequence" VALUES('django_migrations',107);
INSERT INTO "sqlite_sequence" VALUES('django_admin_log',25);
INSERT INTO "sqlite_sequence" VALUES('django_content_type',47);
INSERT INTO "sqlite_sequence" VALUES('auth_permission',146);
INSERT INTO "sqlite_sequence" VALUES('auth_user',1);
INSERT INTO "sqlite_sequence" VALUES('cms_staticplaceholder',8);
INSERT INTO "sqlite_sequence" VALUES('cms_placeholder',57);
INSERT INTO "sqlite_sequence" VALUES('cms_title',16);
INSERT INTO "sqlite_sequence" VALUES('cms_page',14);
INSERT INTO "sqlite_sequence" VALUES('cms_globalpagepermission_sites',0);
INSERT INTO "sqlite_sequence" VALUES('cms_usersettings',1);
INSERT INTO "sqlite_sequence" VALUES('filer_clipboarditem',0);
INSERT INTO "sqlite_sequence" VALUES('filer_clipboard',1);
INSERT INTO "sqlite_sequence" VALUES('djangocms_snippet_snippet',0);
INSERT INTO "sqlite_sequence" VALUES('filer_file',1);
INSERT INTO "sqlite_sequence" VALUES('filer_folder',0);
INSERT INTO "sqlite_sequence" VALUES('filer_folderpermission',0);
INSERT INTO "sqlite_sequence" VALUES('cms_cmsplugin',35);
INSERT INTO "sqlite_sequence" VALUES('easy_thumbnails_thumbnail',7);
INSERT INTO "sqlite_sequence" VALUES('easy_thumbnails_source',1);
INSERT INTO "sqlite_sequence" VALUES('django_site',1);
INSERT INTO "sqlite_sequence" VALUES('cms_urlconfrevision',1);
INSERT INTO "sqlite_sequence" VALUES('cms_page_placeholders',40);
INSERT INTO "sqlite_sequence" VALUES('menus_cachekey',27);
CREATE UNIQUE INDEX "auth_group_permissions_group_id_0cd325b0_uniq" ON "auth_group_permissions" ("group_id", "permission_id");
CREATE INDEX "auth_group_permissions_0e939a4f" ON "auth_group_permissions" ("group_id");
CREATE INDEX "auth_group_permissions_8373b171" ON "auth_group_permissions" ("permission_id");
CREATE UNIQUE INDEX "auth_user_groups_user_id_94350c0c_uniq" ON "auth_user_groups" ("user_id", "group_id");
CREATE INDEX "auth_user_groups_e8701ad4" ON "auth_user_groups" ("user_id");
CREATE INDEX "auth_user_groups_0e939a4f" ON "auth_user_groups" ("group_id");
CREATE UNIQUE INDEX "auth_user_user_permissions_user_id_14a6b632_uniq" ON "auth_user_user_permissions" ("user_id", "permission_id");
CREATE INDEX "auth_user_user_permissions_e8701ad4" ON "auth_user_user_permissions" ("user_id");
CREATE INDEX "auth_user_user_permissions_8373b171" ON "auth_user_user_permissions" ("permission_id");
CREATE INDEX "django_admin_log_417f1b1c" ON "django_admin_log" ("content_type_id");
CREATE INDEX "django_admin_log_e8701ad4" ON "django_admin_log" ("user_id");
CREATE UNIQUE INDEX "django_content_type_app_label_76bd3d3b_uniq" ON "django_content_type" ("app_label", "model");
CREATE UNIQUE INDEX "auth_permission_content_type_id_01ab375a_uniq" ON "auth_permission" ("content_type_id", "codename");
CREATE INDEX "auth_permission_417f1b1c" ON "auth_permission" ("content_type_id");
CREATE INDEX "cms_globalpagepermission_0e939a4f" ON "cms_globalpagepermission" ("group_id");
CREATE INDEX "cms_globalpagepermission_e8701ad4" ON "cms_globalpagepermission" ("user_id");
CREATE INDEX "cms_pagepermission_0e939a4f" ON "cms_pagepermission" ("group_id");
CREATE INDEX "cms_pagepermission_1a63c800" ON "cms_pagepermission" ("page_id");
CREATE INDEX "cms_pagepermission_e8701ad4" ON "cms_pagepermission" ("user_id");
CREATE UNIQUE INDEX "cms_staticplaceholder_code_21ba079c_uniq" ON "cms_staticplaceholder" ("code", "site_id");
CREATE INDEX "cms_staticplaceholder_5cb48773" ON "cms_staticplaceholder" ("draft_id");
CREATE INDEX "cms_staticplaceholder_1ee2744d" ON "cms_staticplaceholder" ("public_id");
CREATE INDEX "cms_staticplaceholder_9365d6e7" ON "cms_staticplaceholder" ("site_id");
CREATE INDEX "cms_placeholder_5e97994e" ON "cms_placeholder" ("slot");
CREATE UNIQUE INDEX "cms_title_language_61aaf084_uniq" ON "cms_title" ("language", "page_id");
CREATE INDEX "cms_title_8512ae7d" ON "cms_title" ("language");
CREATE INDEX "cms_title_2dbcba41" ON "cms_title" ("slug");
CREATE INDEX "cms_title_d6fe1d0b" ON "cms_title" ("path");
CREATE INDEX "cms_title_1268de9a" ON "cms_title" ("has_url_overwrite");
CREATE INDEX "cms_title_b7700099" ON "cms_title" ("publisher_is_draft");
CREATE INDEX "cms_title_f7202fc0" ON "cms_title" ("publisher_state");
CREATE INDEX "cms_title_1a63c800" ON "cms_title" ("page_id");
CREATE UNIQUE INDEX "cms_page_reverse_id_d5d1256a_uniq" ON "cms_page" ("reverse_id", "site_id", "publisher_is_draft");
CREATE UNIQUE INDEX "cms_page_publisher_is_draft_8c776642_uniq" ON "cms_page" ("publisher_is_draft", "site_id", "application_namespace");
CREATE INDEX "cms_page_93b83098" ON "cms_page" ("publication_date");
CREATE INDEX "cms_page_2247c5f0" ON "cms_page" ("publication_end_date");
CREATE INDEX "cms_page_db3eb53f" ON "cms_page" ("in_navigation");
CREATE INDEX "cms_page_1d85575d" ON "cms_page" ("soft_root");
CREATE INDEX "cms_page_3d9ef52f" ON "cms_page" ("reverse_id");
CREATE INDEX "cms_page_7b8acfa6" ON "cms_page" ("navigation_extenders");
CREATE INDEX "cms_page_cb540373" ON "cms_page" ("limit_visibility_in_menu");
CREATE INDEX "cms_page_4fa1c803" ON "cms_page" ("is_home");
CREATE INDEX "cms_page_e721871e" ON "cms_page" ("application_urls");
CREATE INDEX "cms_page_b7700099" ON "cms_page" ("publisher_is_draft");
CREATE INDEX "cms_page_9365d6e7" ON "cms_page" ("site_id");
CREATE INDEX "cms_page_6be37982" ON "cms_page" ("parent_id");
CREATE UNIQUE INDEX "cms_globalpagepermission_sites_globalpagepermission_id_db684f41_uniq" ON "cms_globalpagepermission_sites" ("globalpagepermission_id", "site_id");
CREATE INDEX "cms_globalpagepermission_sites_a3d12ecd" ON "cms_globalpagepermission_sites" ("globalpagepermission_id");
CREATE INDEX "cms_globalpagepermission_sites_9365d6e7" ON "cms_globalpagepermission_sites" ("site_id");
CREATE INDEX "cms_usersettings_2655b062" ON "cms_usersettings" ("clipboard_id");
CREATE INDEX "cms_placeholderreference_328d0afc" ON "cms_placeholderreference" ("placeholder_ref_id");
CREATE INDEX "filer_clipboarditem_2655b062" ON "filer_clipboarditem" ("clipboard_id");
CREATE INDEX "filer_clipboarditem_814552b9" ON "filer_clipboarditem" ("file_id");
CREATE INDEX "filer_clipboard_e8701ad4" ON "filer_clipboard" ("user_id");
CREATE INDEX "cmsplugin_filer_file_filerfile_814552b9" ON "cmsplugin_filer_file_filerfile" ("file_id");
CREATE INDEX "cmsplugin_filer_folder_filerfolder_a8a44dbb" ON "cmsplugin_filer_folder_filerfolder" ("folder_id");
CREATE INDEX "cmsplugin_filer_image_filerimage_0fe0fc57" ON "cmsplugin_filer_image_filerimage" ("file_link_id");
CREATE INDEX "cmsplugin_filer_image_filerimage_f33175e6" ON "cmsplugin_filer_image_filerimage" ("image_id");
CREATE INDEX "cmsplugin_filer_image_filerimage_d916d256" ON "cmsplugin_filer_image_filerimage" ("page_link_id");
CREATE INDEX "cmsplugin_filer_image_filerimage_6b85b7b1" ON "cmsplugin_filer_image_filerimage" ("thumbnail_option_id");
CREATE INDEX "djangocms_link_link_302e44ef" ON "djangocms_link_link" ("internal_link_id");
CREATE INDEX "djangocms_snippet_snippetptr_cfd011c9" ON "djangocms_snippet_snippetptr" ("snippet_id");
CREATE INDEX "filer_file_a8a44dbb" ON "filer_file" ("folder_id");
CREATE INDEX "filer_file_d3e32c49" ON "filer_file" ("polymorphic_ctype_id");
CREATE INDEX "filer_file_5e7b1936" ON "filer_file" ("owner_id");
CREATE UNIQUE INDEX "filer_folder_parent_id_bc773258_uniq" ON "filer_folder" ("parent_id", "name");
CREATE INDEX "filer_folder_caf7cc51" ON "filer_folder" ("lft");
CREATE INDEX "filer_folder_3cfbd988" ON "filer_folder" ("rght");
CREATE INDEX "filer_folder_656442a0" ON "filer_folder" ("tree_id");
CREATE INDEX "filer_folder_c9e9a848" ON "filer_folder" ("level");
CREATE INDEX "filer_folder_5e7b1936" ON "filer_folder" ("owner_id");
CREATE INDEX "filer_folder_6be37982" ON "filer_folder" ("parent_id");
CREATE INDEX "filer_folderpermission_a8a44dbb" ON "filer_folderpermission" ("folder_id");
CREATE INDEX "filer_folderpermission_0e939a4f" ON "filer_folderpermission" ("group_id");
CREATE INDEX "filer_folderpermission_e8701ad4" ON "filer_folderpermission" ("user_id");
CREATE INDEX "cms_cmsplugin_8512ae7d" ON "cms_cmsplugin" ("language");
CREATE INDEX "cms_cmsplugin_b5e4cf8f" ON "cms_cmsplugin" ("plugin_type");
CREATE INDEX "cms_cmsplugin_667a6151" ON "cms_cmsplugin" ("placeholder_id");
CREATE INDEX "cms_cmsplugin_6be37982" ON "cms_cmsplugin" ("parent_id");
CREATE INDEX "cms_aliaspluginmodel_921abf5c" ON "cms_aliaspluginmodel" ("alias_placeholder_id");
CREATE INDEX "cms_aliaspluginmodel_b25eaab4" ON "cms_aliaspluginmodel" ("plugin_id");
CREATE INDEX "djangocms_video_videosource_01490fd0" ON "djangocms_video_videosource" ("source_file_id");
CREATE INDEX "djangocms_video_videotrack_3166800b" ON "djangocms_video_videotrack" ("src_id");
CREATE INDEX "djangocms_video_videoplayer_9b86e5fe" ON "djangocms_video_videoplayer" ("poster_id");
CREATE UNIQUE INDEX "easy_thumbnails_thumbnail_storage_hash_fb375270_uniq" ON "easy_thumbnails_thumbnail" ("storage_hash", "name", "source_id");
CREATE INDEX "easy_thumbnails_thumbnail_b454e115" ON "easy_thumbnails_thumbnail" ("storage_hash");
CREATE INDEX "easy_thumbnails_thumbnail_b068931c" ON "easy_thumbnails_thumbnail" ("name");
CREATE INDEX "easy_thumbnails_thumbnail_0afd9202" ON "easy_thumbnails_thumbnail" ("source_id");
CREATE UNIQUE INDEX "easy_thumbnails_source_storage_hash_481ce32d_uniq" ON "easy_thumbnails_source" ("storage_hash", "name");
CREATE INDEX "easy_thumbnails_source_b454e115" ON "easy_thumbnails_source" ("storage_hash");
CREATE INDEX "easy_thumbnails_source_b068931c" ON "easy_thumbnails_source" ("name");
CREATE INDEX "django_session_de54fa62" ON "django_session" ("expire_date");
COMMIT;
